latitude,longitude,elevation,utc_offset_seconds,timezone,timezone_abbreviation
23.233742,77.35849,525.0,0,GMT,GMT

time,temperature_2m (°C),relative_humidity_2m (%),apparent_temperature (°C),precipitation (mm),cloud_cover (%),cloud_cover_low (%),cloud_cover_mid (%),cloud_cover_high (%),et0_fao_evapotranspiration (mm),wind_speed_10m (km/h),wind_speed_100m (km/h),wind_direction_10m (°),wind_direction_100m (°),wind_gusts_10m (km/h)
2026-08-02T00:00,23.4,91,26.0,0.00,35,27,5,7,0.01,15.4,26.8,209,211,29.9
2026-08-02T01:00,23.7,90,26.2,0.00,100,100,2,9,0.03,15.8,26.7,214,215,30.6
2026-08-02T02:00,24.2,88,27.1,0.00,100,100,14,9,0.07,13.8,21.1,213,214,29.2
2026-08-02T03:00,25.3,82,27.8,0.00,91,73,47,53,0.15,16.5,24.0,221,221,35.3
2026-08-02T04:00,26.1,80,29.0,0.00,100,100,8,68,0.23,15.1,21.6,216,216,34.6
2026-08-02T05:00,26.7,79,29.6,0.00,100,99,0,64,0.28,16.3,22.8,215,216,34.9
2026-08-02T06:00,27.0,77,30.3,0.10,97,90,4,69,0.31,14.0,19.8,218,220,35.3
2026-08-02T07:00,28.1,73,31.9,0.20,99,90,55,88,0.45,14.1,19.7,223,224,32.0
2026-08-02T08:00,28.6,71,32.5,0.30,98,35,25,96,0.48,14.3,19.8,229,229,33.5
2026-08-02T09:00,29.0,71,32.7,0.20,92,72,21,68,0.39,13.0,17.6,227,228,32.0
2026-08-02T10:00,29.0,72,32.7,0.30,81,23,34,66,0.41,14.0,19.3,215,217,33.5
2026-08-02T11:00,28.5,76,32.2,0.50,99,14,14,98,0.34,15.3,21.9,222,222,33.1
2026-08-02T12:00,28.1,76,31.4,0.20,82,15,9,77,0.22,15.8,23.9,225,226,31.7
2026-08-02T13:00,27.3,80,31.0,0.00,96,1,2,96,0.11,13.6,22.0,216,219,31.0
2026-08-02T14:00,26.1,86,30.2,0.00,96,3,2,96,0.03,11.9,21.1,207,210,25.9
2026-08-02T15:00,25.6,90,29.7,0.00,98,2,6,98,0.01,11.8,21.4,208,212,22.3
2026-08-02T16:00,25.3,91,29.5,0.00,98,9,14,98,0.00,11.7,22.0,211,214,22.0
2026-08-02T17:00,25.4,91,29.5,0.00,87,8,16,84,0.01,12.8,23.7,220,222,23.4
2026-08-02T18:00,25.3,90,29.1,0.00,97,10,7,96,0.01,13.0,23.5,226,228,24.8
2026-08-02T19:00,25.0,90,28.8,0.00,98,2,3,98,0.01,12.6,22.8,228,231,24.8
2026-08-02T20:00,24.7,91,28.4,0.00,90,1,1,90,0.00,12.1,22.4,228,231,23.8
2026-08-02T21:00,24.3,93,28.1,0.00,46,1,0,45,0.00,11.6,21.5,224,227,23.0
2026-08-02T22:00,24.0,95,27.8,0.00,72,4,0,71,0.00,11.2,20.8,225,228,21.6
2026-08-02T23:00,23.7,96,27.7,0.00,31,4,2,28,0.00,10.3,19.5,227,231,20.9
2026-08-03T00:00,23.6,95,27.4,0.00,47,1,2,45,0.00,10.9,20.3,225,229,19.4
2026-08-03T01:00,23.8,94,27.7,0.00,80,28,5,70,0.01,10.0,19.5,216,224,20.5
2026-08-03T02:00,25.1,88,28.6,0.00,94,88,3,51,0.09,13.3,19.1,218,219,27.4
2026-08-03T03:00,26.2,84,29.7,0.00,69,34,3,50,0.20,13.7,19.4,220,221,29.5
2026-08-03T04:00,26.9,81,30.5,0.40,84,55,23,55,0.27,13.9,19.5,239,239,30.2
2026-08-03T05:00,27.8,77,31.6,0.50,95,92,21,32,0.36,13.7,19.2,253,253,30.2
2026-08-03T06:00,27.6,76,31.2,0.10,100,100,36,93,0.42,13.9,19.3,253,254,31.3
2026-08-03T07:00,27.2,80,31.4,0.40,97,20,37,95,0.21,10.5,15.0,253,254,28.8
2026-08-03T08:00,29.6,70,35.2,0.10,84,18,18,77,0.57,10.9,14.9,234,235,28.4
2026-08-03T09:00,30.1,69,35.4,0.10,45,9,19,26,0.56,12.9,17.4,238,239,31.7
2026-08-03T10:00,29.9,70,34.7,0.30,29,17,8,9,0.50,12.8,17.2,246,246,33.1
2026-08-03T11:00,28.8,73,32.6,0.20,64,29,44,20,0.38,13.3,18.2,252,252,29.9
2026-08-03T12:00,28.5,74,32.0,1.10,92,12,11,91,0.23,14.9,22.5,250,250,29.5
2026-08-03T13:00,27.8,78,32.0,0.00,94,6,16,91,0.11,11.1,18.7,250,252,29.2
2026-08-03T14:00,27.2,80,31.7,0.00,95,3,16,93,0.03,8.8,17.6,239,246,20.5
2026-08-03T15:00,26.4,83,30.1,0.00,98,7,19,98,0.02,13.0,22.8,226,231,24.5
2026-08-03T16:00,26.0,86,29.8,0.00,98,1,5,98,0.02,12.8,23.4,238,242,24.5
2026-08-03T17:00,25.8,87,29.8,0.00,93,0,25,91,0.01,11.5,21.3,245,251,24.1
2026-08-03T18:00,25.8,85,29.6,0.10,93,0,16,91,0.02,11.0,21.0,251,256,22.3
2026-08-03T19:00,25.3,86,29.3,0.00,96,2,14,95,0.01,9.9,19.3,248,254,20.9
2026-08-03T20:00,24.8,90,29.0,0.00,98,5,2,98,0.00,9.3,18.4,245,250,18.7
2026-08-03T21:00,24.5,92,28.6,0.00,99,6,4,99,0.00,10.1,19.7,237,243,18.7
2026-08-03T22:00,24.4,91,28.3,0.00,98,18,25,97,0.00,10.8,20.5,244,247,20.2
2026-08-03T23:00,24.5,89,28.0,0.00,99,0,28,98,0.01,11.8,21.7,259,261,22.0
2026-08-04T00:00,24.5,88,27.8,0.00,98,5,9,98,0.01,12.1,21.8,250,255,22.3
2026-08-04T01:00,24.5,89,28.1,0.00,99,5,9,99,0.02,11.6,20.2,242,248,22.7
2026-08-04T02:00,25.3,87,29.0,0.00,96,13,9,95,0.08,12.0,18.5,248,249,24.1
2026-08-04T03:00,26.6,80,29.6,0.00,99,53,13,98,0.21,15.9,22.8,260,261,33.8
2026-08-04T04:00,27.4,77,30.7,0.10,100,33,10,99,0.31,14.6,20.6,261,261,33.5
2026-08-04T05:00,28.3,72,31.8,0.20,98,34,11,96,0.43,14.1,19.5,272,272,32.0
2026-08-04T06:00,28.7,74,33.8,0.20,100,74,90,99,0.53,12.6,17.4,283,283,31.7
2026-08-04T07:00,27.7,76,31.4,0.30,98,25,36,97,0.37,11.7,15.8,285,284,29.2
2026-08-04T08:00,29.2,73,35.4,0.70,72,1,9,70,0.60,9.3,12.5,288,285,29.2
2026-08-04T09:00,30.1,70,36.2,0.00,100,100,5,66,0.60,9.7,13.0,285,284,27.0
2026-08-04T10:00,26.4,85,30.4,1.70,100,20,48,99,0.39,14.8,20.7,273,270,31.7
2026-08-04T11:00,26.5,86,31.3,0.60,100,0,7,100,0.24,9.2,12.9,301,297,31.3
2026-08-04T12:00,28.0,76,32.3,0.10,99,6,15,99,0.19,9.8,14.0,277,277,20.9
2026-08-04T13:00,27.3,80,31.7,0.00,99,7,23,99,0.09,9.7,16.0,272,273,20.5
2026-08-04T14:00,26.7,84,31.5,0.00,99,5,30,98,0.02,7.6,14.8,269,272,18.4
2026-08-04T15:00,26.3,86,31.2,0.00,100,4,13,100,0.00,7.0,14.9,273,278,13.7
2026-08-04T16:00,26.0,87,30.9,0.00,99,2,5,99,0.00,6.9,15.3,261,270,13.0
2026-08-04T17:00,25.7,88,30.3,0.00,100,4,12,100,0.00,7.9,17.1,253,259,14.4
2026-08-04T18:00,25.8,83,29.5,0.00,99,4,4,98,0.02,10.4,20.6,260,265,15.8
2026-08-04T19:00,25.5,81,28.7,0.00,100,1,3,100,0.02,11.4,21.6,254,259,21.2
2026-08-04T20:00,25.1,83,28.4,0.00,100,6,6,100,0.02,11.4,21.5,257,261,21.6
2026-08-04T21:00,24.9,86,28.4,0.00,100,20,11,100,0.01,10.8,20.1,259,263,21.2
2026-08-04T22:00,24.8,87,28.2,0.00,100,1,2,100,0.01,11.4,21.0,263,265,21.6
2026-08-04T23:00,24.6,88,28.0,0.00,100,3,3,100,0.01,11.4,21.1,265,268,21.6
2026-08-05T00:00,24.6,89,27.9,0.00,99,0,5,99,0.01,13.1,23.6,261,262,22.0
2026-08-05T01:00,24.7,89,27.9,0.00,98,1,6,98,0.03,13.8,23.9,263,264,26.3
2026-08-05T02:00,25.4,86,28.8,0.00,98,11,13,98,0.09,13.6,20.8,265,266,27.4
2026-08-05T03:00,26.3,82,29.8,0.00,100,23,33,99,0.21,13.7,19.8,269,269,33.5
2026-08-05T04:00,27.2,80,31.0,0.00,100,53,7,99,0.28,13.0,18.2,273,274,29.5
2026-08-05T05:00,28.2,75,31.9,0.00,100,100,11,99,0.40,13.3,18.4,279,280,31.7
2026-08-05T06:00,28.3,73,31.7,0.10,100,63,16,98,0.36,14.1,19.4,280,280,32.4
2026-08-05T07:00,28.8,70,32.8,0.30,100,26,15,100,0.48,13.2,17.9,276,276,32.8
2026-08-05T08:00,28.3,72,32.8,0.50,100,28,65,100,0.57,15.1,20.7,271,272,34.9
2026-08-05T09:00,28.7,72,32.7,1.00,100,15,20,100,0.48,15.0,20.8,276,275,34.2
2026-08-05T10:00,29.2,72,33.4,0.20,100,8,9,100,0.44,13.1,18.2,272,272,33.8
2026-08-05T11:00,28.9,75,33.2,0.10,100,2,12,100,0.29,12.1,16.7,270,271,32.0
2026-08-05T12:00,28.4,71,31.8,0.60,100,9,2,100,0.20,12.6,19.6,265,267,28.8
2026-08-05T13:00,27.7,76,31.4,0.00,100,4,4,100,0.10,11.6,19.5,262,264,25.2
2026-08-05T14:00,26.8,80,30.8,0.00,99,3,5,99,0.04,10.3,19.1,263,265,22.0
2026-08-05T15:00,26.5,82,30.7,0.00,100,5,6,100,0.02,9.2,18.0,259,263,19.1
2026-08-05T16:00,26.1,84,30.5,0.00,98,2,3,98,0.01,8.2,17.0,247,255,16.9
2026-08-05T17:00,25.9,85,30.1,0.00,97,0,2,97,0.01,9.2,18.3,244,250,16.9
2026-08-05T18:00,25.5,86,29.5,0.00,95,2,3,94,0.01,9.3,18.3,254,257,17.3
2026-08-05T19:00,25.0,88,29.2,0.00,93,2,2,92,0.00,8.6,17.6,244,252,17.6
2026-08-05T20:00,24.8,89,28.8,0.00,100,4,5,100,0.00,9.2,18.5,244,249,16.9
2026-08-05T21:00,24.6,89,28.4,0.00,100,2,0,100,0.00,10.4,19.6,249,252,19.8
2026-08-05T22:00,24.4,90,28.1,0.00,100,2,1,100,0.00,10.5,19.6,254,257,20.2
2026-08-05T23:00,24.2,90,27.8,0.00,99,5,5,99,0.00,10.2,19.0,257,260,19.8
2026-08-06T00:00,24.0,91,27.3,0.00,82,1,2,82,0.01,12.6,22.5,250,252,19.8
2026-08-06T01:00,24.1,90,27.4,0.00,46,2,2,43,0.02,12.2,21.4,253,255,24.1
2026-08-06T02:00,25.2,85,28.4,0.00,72,24,2,63,0.11,13.1,19.5,255,256,27.0
2026-08-06T03:00,26.2,80,29.5,0.10,92,50,5,84,0.24,13.6,19.4,264,264,32.4
2026-08-06T04:00,27.2,76,30.5,0.20,97,47,10,94,0.33,13.3,18.4,268,269,29.9
2026-08-06T05:00,28.3,71,32.2,0.20,34,23,9,6,0.45,12.3,16.9,262,263,29.5
2026-08-06T06:00,29.0,67,33.2,0.10,30,17,13,3,0.55,13.4,18.2,258,258,28.8
2026-08-06T07:00,29.7,64,34.1,0.20,47,18,8,32,0.63,15.0,20.5,259,259,33.8
2026-08-06T08:00,29.9,63,34.3,0.20,46,26,20,19,0.64,15.5,21.5,267,267,36.0
2026-08-06T09:00,29.8,63,33.3,0.10,78,17,13,70,0.54,15.7,22.0,271,271,34.9
2026-08-06T10:00,29.9,63,33.2,0.10,98,3,5,98,0.49,14.6,20.4,273,274,34.6
2026-08-06T11:00,28.8,67,31.2,0.10,98,12,14,98,0.38,16.8,23.9,276,276,33.5
2026-08-06T12:00,26.5,82,30.2,0.40,95,1,13,94,0.21,13.3,20.0,272,273,37.8
2026-08-06T13:00,25.9,86,29.8,0.00,99,1,56,98,0.08,11.9,19.0,281,283,28.1
2026-08-06T14:00,25.9,86,30.2,0.00,100,0,100,99,0.03,9.7,17.5,282,284,22.7
2026-08-06T15:00,26.0,84,30.2,0.00,100,1,100,100,0.01,8.9,16.5,278,280,18.4
2026-08-06T16:00,25.8,84,29.8,0.00,100,1,91,100,0.01,9.5,17.5,269,272,18.0
2026-08-06T17:00,25.7,84,29.5,0.00,100,15,83,100,0.01,10.5,18.9,265,269,19.8
2026-08-06T18:00,25.2,85,28.5,0.00,92,11,63,76,0.02,12.7,22.4,262,265,20.5
2026-08-06T19:00,25.0,87,28.4,0.00,99,13,98,48,0.01,12.3,21.6,265,267,24.1
2026-08-06T20:00,24.8,87,28.1,0.00,100,9,100,84,0.01,12.6,22.3,267,271,24.1
2026-08-06T21:00,24.7,87,27.9,0.00,100,2,100,99,0.01,13.2,22.9,268,270,25.6
2026-08-06T22:00,24.5,88,27.7,0.10,100,13,100,100,0.01,13.2,22.8,272,275,24.8
2026-08-06T23:00,24.2,89,27.1,0.20,100,5,70,100,0.01,15.5,26.2,272,275,28.8
2026-08-07T00:00,24.7,86,27.3,0.00,100,5,16,99,0.02,16.3,28.2,276,278,28.8
2026-08-07T01:00,24.7,87,27.5,0.00,100,9,100,99,0.04,15.4,26.1,275,278,31.0
2026-08-07T02:00,25.2,86,28.4,0.00,100,20,100,100,0.08,14.4,22.9,272,274,31.7
2026-08-07T03:00,25.8,84,28.7,0.00,100,33,100,99,0.12,17.2,26.1,283,283,34.2
2026-08-07T04:00,26.7,82,29.8,0.10,100,66,63,99,0.20,17.8,25.8,288,289,37.4
2026-08-07T05:00,27.8,78,31.1,0.00,100,91,22,98,0.33,17.3,24.3,289,290,37.4
2026-08-07T06:00,25.3,87,29.4,0.10,98,4,16,98,0.40,12.6,17.8,266,268,40.7
2026-08-07T07:00,26.6,87,31.5,0.80,100,83,98,99,0.19,8.8,12.5,275,275,25.6
2026-08-07T08:00,25.0,91,29.3,2.10,100,8,99,100,0.25,9.3,14.4,298,300,32.0
2026-08-07T09:00,24.9,91,28.5,1.10,100,12,98,99,0.15,14.3,21.3,276,278,28.4
2026-08-07T10:00,26.0,87,30.1,0.40,100,2,100,88,0.20,12.6,18.7,268,270,27.4
2026-08-07T11:00,26.2,85,30.1,0.20,99,3,98,53,0.17,12.0,17.2,292,291,27.0
2026-08-07T12:00,26.2,81,29.9,0.90,98,22,93,79,0.11,11.2,17.7,280,280,24.8
2026-08-07T13:00,25.3,90,29.7,0.30,95,5,77,84,0.06,9.6,17.0,282,283,25.2
2026-08-07T14:00,25.1,91,29.2,0.10,64,2,13,61,0.02,11.2,20.9,266,271,19.8
2026-08-07T15:00,24.8,92,29.2,0.00,97,0,94,49,0.00,9.1,19.0,252,257,19.8
2026-08-07T16:00,24.9,91,29.3,0.00,100,5,100,38,0.00,8.6,17.7,239,251,16.2
2026-08-07T17:00,24.9,89,28.9,0.00,95,5,51,91,0.00,9.7,19.5,236,246,18.0
2026-08-07T18:00,24.8,87,28.2,0.00,96,13,85,79,0.01,11.8,22.7,249,255,19.4
2026-08-07T19:00,24.4,89,27.4,0.40,100,1,100,50,0.01,14.1,25.8,260,262,25.2
2026-08-07T20:00,24.1,91,27.5,0.10,99,2,98,62,0.00,12.7,23.5,262,264,25.2
2026-08-07T21:00,24.1,92,27.4,0.10,100,5,99,51,0.00,13.8,24.3,258,262,24.5
2026-08-07T22:00,24.1,92,27.3,0.00,100,6,100,49,0.00,14.2,25.0,268,270,25.9
2026-08-07T23:00,24.1,92,27.3,0.00,100,5,100,73,0.00,14.2,25.0,271,272,26.6
2026-08-08T00:00,24.0,95,27.1,0.10,83,4,15,79,0.00,16.5,29.1,277,279,28.8
2026-08-08T01:00,24.1,94,27.3,0.00,91,9,39,84,0.02,15.5,26.8,279,279,29.9
2026-08-08T02:00,24.9,87,27.8,0.00,99,55,70,97,0.09,16.1,25.6,286,286,33.8
2026-08-08T03:00,25.4,90,28.9,0.20,100,4,100,98,0.14,15.5,23.2,285,286,32.0
2026-08-08T04:00,26.1,88,30.0,0.20,100,0,99,95,0.20,14.8,21.6,288,288,31.7
2026-08-08T05:00,27.2,84,30.9,0.20,100,100,95,96,0.31,16.8,23.9,288,288,36.0
2026-08-08T06:00,25.6,91,29.4,0.20,100,11,100,60,0.31,15.6,23.2,287,287,37.1
2026-08-08T07:00,25.1,91,28.6,5.70,100,61,99,84,0.18,15.3,22.6,287,286,32.4
2026-08-08T08:00,25.9,91,30.2,2.80,95,2,9,94,0.20,13.1,19.0,282,282,29.9
2026-08-08T09:00,26.9,84,30.9,0.50,95,6,11,95,0.29,14.1,20.1,284,285,29.2
2026-08-08T10:00,27.6,77,30.8,0.10,97,12,11,96,0.30,16.5,23.9,286,287,34.2
2026-08-08T11:00,27.6,76,30.5,0.00,99,12,4,99,0.26,17.5,25.7,284,285,36.0
2026-08-08T12:00,25.6,94,31.0,0.00,99,19,35,98,0.14,6.9,17.3,264,272,35.6
2026-08-08T13:00,25.7,93,30.8,0.70,100,1,92,96,0.03,8.6,17.7,269,274,15.8
2026-08-08T14:00,25.5,93,30.7,0.30,95,13,22,95,0.02,8.0,17.6,264,271,15.5
2026-08-08T15:00,25.2,93,29.9,0.10,94,0,16,93,0.00,9.5,19.1,259,265,15.8
2026-08-08T16:00,24.9,93,29.2,0.00,88,0,11,87,0.00,11.2,21.9,274,277,19.8
2026-08-08T17:00,24.7,93,29.2,0.00,55,2,22,43,0.00,9.1,19.7,285,286,19.1
2026-08-08T18:00,24.8,90,28.4,0.00,59,2,14,52,0.01,13.4,25.2,277,280,18.4
2026-08-08T19:00,24.6,90,27.9,0.00,85,1,59,63,0.01,13.5,25.1,279,281,24.5
2026-08-08T20:00,24.4,89,27.5,0.00,100,1,100,81,0.01,14.3,26.2,277,279,26.3
2026-08-08T21:00,24.4,88,27.5,0.00,100,9,100,77,0.01,13.9,25.0,284,285,26.6
2026-08-08T22:00,24.3,87,27.1,0.00,100,14,99,68,0.02,15.1,26.8,282,283,28.1
2026-08-08T23:00,24.3,86,26.8,0.00,96,2,29,95,0.02,15.5,27.3,282,282,29.2
2026-08-09T00:00,23.5,94,27.1,0.00,99,49,48,99,0.00,10.6,20.4,288,289,29.2
2026-08-09T01:00,23.2,95,26.2,2.60,100,21,35,100,0.02,13.5,25.1,304,304,24.1
2026-08-09T02:00,23.4,95,26.7,0.80,100,23,37,100,0.04,12.9,22.8,289,292,24.5
2026-08-09T03:00,23.6,95,27.0,1.20,100,60,77,99,0.09,13.2,21.3,308,307,28.1
2026-08-09T04:00,23.8,95,27.2,2.80,100,33,100,100,0.09,14.0,23.4,299,300,26.6
2026-08-09T05:00,24.3,95,27.9,3.70,100,17,100,100,0.10,14.0,23.9,290,292,26.6
2026-08-09T06:00,25.2,93,29.0,1.20,100,67,100,100,0.10,15.6,24.3,299,300,32.8
2026-08-09T07:00,25.1,94,29.3,1.40,100,16,48,99,0.09,13.1,23.5,303,304,29.5
2026-08-09T08:00,25.9,90,29.5,0.80,99,30,16,99,0.22,17.2,26.2,280,283,34.6
2026-08-09T09:00,25.2,91,28.2,2.60,99,66,46,98,0.25,18.9,29.0,269,272,37.8
2026-08-09T10:00,25.4,94,29.2,2.00,99,22,11,99,0.16,18.1,28.9,265,266,36.0
2026-08-09T11:00,24.7,94,28.0,3.10,100,28,61,100,0.07,17.9,30.3,298,297,37.4
2026-08-09T12:00,25.6,93,29.6,1.90,100,5,100,100,0.07,15.5,27.6,279,281,33.1
2026-08-09T13:00,25.2,93,28.9,2.60,100,4,100,99,0.04,16.2,28.6,273,275,29.2
2026-08-09T14:00,25.0,94,28.9,0.70,100,5,92,100,0.02,14.8,26.8,271,273,28.8
2026-08-09T15:00,25.0,93,28.6,0.70,97,30,22,95,0.00,15.2,28.1,277,277,26.6
2026-08-09T16:00,24.1,95,27.9,3.00,100,94,100,99,0.00,12.4,22.1,298,297,28.1
2026-08-09T17:00,23.6,97,27.4,5.30,100,88,100,100,0.00,12.0,21.8,292,296,24.8
2026-08-09T18:00,24.0,96,27.4,2.30,100,63,100,96,0.00,15.2,26.6,303,301,24.1
2026-08-09T19:00,23.2,98,26.6,2.60,100,100,100,100,0.00,13.3,22.5,298,298,28.4
2026-08-09T20:00,23.3,97,27.1,11.60,100,100,100,100,0.00,11.3,20.5,278,277,23.0
2026-08-09T21:00,23.3,97,26.9,12.00,100,100,100,100,0.00,11.8,20.8,279,276,26.3
2026-08-09T22:00,23.3,98,26.5,3.90,100,100,100,94,0.00,15.2,25.9,297,294,27.0
2026-08-09T23:00,23.5,97,26.1,1.90,100,100,99,90,0.00,19.1,31.6,291,287,34.6
2026-08-10T00:00,23.6,95,25.9,1.30,100,100,100,100,0.00,20.8,34.8,255,258,34.6
2026-08-10T01:00,23.4,95,25.8,8.40,100,66,100,100,0.02,19.4,33.6,259,262,37.8
2026-08-10T02:00,23.4,95,26.0,9.70,100,36,100,100,0.03,18.1,31.7,251,255,35.6
2026-08-10T03:00,23.7,95,26.7,10.10,100,49,100,95,0.06,16.5,27.9,252,257,32.8
2026-08-10T04:00,23.8,95,26.7,6.90,100,59,100,95,0.06,17.9,30.3,265,266,32.0
2026-08-10T05:00,24.7,94,27.7,2.10,100,42,100,95,0.12,19.4,31.3,263,263,34.9
2026-08-10T06:00,24.8,90,27.5,0.30,100,36,100,83,0.18,19.5,31.2,260,263,38.2
2026-08-10T07:00,24.6,91,27.2,0.60,100,48,100,84,0.14,19.3,30.2,259,261,38.5
2026-08-10T08:00,25.7,86,28.8,0.40,100,100,90,15,0.27,17.5,25.1,256,256,40.7
2026-08-10T09:00,24.8,91,27.5,1.40,99,99,40,7,0.18,19.8,30.4,255,256,38.5
2026-08-10T10:00,25.7,85,27.8,0.30,84,77,47,9,0.28,23.1,33.7,266,266,49.0
2026-08-10T11:00,24.9,91,27.4,0.90,100,100,91,10,0.22,20.7,31.9,267,268,49.0
2026-08-10T12:00,24.4,90,27.1,0.50,100,100,7,36,0.08,18.1,30.5,265,267,42.1
2026-08-10T13:00,24.3,88,26.4,0.00,100,100,59,45,0.06,19.4,31.7,260,262,36.4
2026-08-10T14:00,24.0,86,25.7,0.00,100,100,90,71,0.05,19.7,32.4,266,267,37.4
2026-08-10T15:00,23.7,87,25.5,0.20,100,100,100,93,0.02,18.7,31.3,272,272,37.1
2026-08-10T16:00,23.2,92,25.5,0.80,100,100,75,76,0.01,16.7,28.3,271,273,35.3
2026-08-10T17:00,23.0,94,25.5,0.20,100,100,29,95,0.00,16.8,28.3,267,269,29.9
2026-08-10T18:00,23.2,94,25.9,0.00,100,100,23,80,0.00,15.3,26.7,273,273,29.5
2026-08-10T19:00,23.1,94,25.9,0.10,100,100,80,43,0.00,14.3,24.5,276,278,28.1
2026-08-10T20:00,23.0,95,25.6,0.10,100,100,58,32,0.00,15.5,26.3,275,276,28.4
2026-08-10T21:00,22.9,95,25.7,0.00,100,100,18,77,0.00,14.5,24.9,278,280,28.8
2026-08-10T22:00,22.7,96,25.7,0.20,100,100,39,30,0.00,13.6,23.7,282,284,26.6
2026-08-10T23:00,22.8,96,26.0,0.10,100,100,8,23,0.00,12.4,21.5,271,273,24.8
2026-08-11T00:00,22.9,97,26.3,0.00,100,100,26,5,0.00,12.5,21.9,282,284,22.7
2026-08-11T01:00,23.1,97,26.7,0.20,100,100,27,47,0.01,11.9,20.9,267,273,22.7
2026-08-11T02:00,23.5,96,27.1,0.40,100,100,22,78,0.04,12.3,20.0,276,279,24.1
2026-08-11T03:00,24.1,94,27.6,0.20,100,100,9,66,0.08,14.1,20.0,286,287,28.4
2026-08-11T04:00,24.9,90,28.6,0.10,100,100,2,45,0.13,13.0,18.7,288,288,28.1
2026-08-11T05:00,26.7,81,30.6,0.10,98,70,20,90,0.26,12.0,16.5,294,294,27.7
2026-08-11T06:00,27.1,80,31.1,0.30,84,41,45,61,0.35,11.6,15.7,292,292,28.1
2026-08-11T07:00,28.4,75,33.7,0.20,79,45,48,51,0.50,10.0,13.0,284,284,27.4
2026-08-11T08:00,26.5,86,31.5,3.90,99,24,94,84,0.28,7.6,10.7,284,283,25.2
2026-08-11T09:00,26.5,86,30.9,2.60,89,11,36,82,0.31,11.0,15.2,318,318,22.3
2026-08-11T10:00,25.4,92,30.9,4.40,100,30,65,99,0.19,3.9,5.8,286,286,23.0
2026-08-11T11:00,25.4,93,31.2,2.30,98,30,81,89,0.11,2.4,3.7,297,299,11.2
2026-08-11T12:00,25.5,93,30.9,1.50,98,9,28,98,0.09,5.5,8.5,234,235,9.0
2026-08-11T13:00,24.9,94,29.6,0.30,100,43,90,99,0.04,8.4,15.0,223,225,14.0
2026-08-11T14:00,24.3,96,29.1,1.10,98,34,32,97,0.01,7.6,15.1,270,267,16.2
2026-08-11T15:00,24.2,96,28.5,0.30,69,8,12,61,0.00,10.9,19.1,282,284,19.1
2026-08-11T16:00,23.8,97,28.2,0.00,46,5,9,40,0.00,9.1,17.8,288,290,19.4
2026-08-11T17:00,23.7,98,28.2,0.10,66,3,30,52,0.00,7.4,15.7,284,292,16.2
2026-08-11T18:00,23.6,97,27.8,1.30,92,9,27,88,0.00,9.2,17.0,273,280,12.6
2026-08-11T19:00,23.4,98,27.7,0.00,92,8,34,88,0.00,8.1,16.2,288,291,16.2
2026-08-11T20:00,23.3,98,28.3,0.10,63,0,13,59,0.00,2.9,8.9,274,297,14.8
2026-08-11T21:00,23.2,99,28.0,0.10,61,18,47,10,0.00,4.4,6.7,212,239,7.6
2026-08-11T22:00,23.3,99,28.0,0.20,100,100,35,51,0.00,5.6,11.2,241,246,10.1
2026-08-11T23:00,23.4,99,28.2,0.10,100,100,37,92,0.00,5.5,11.5,251,253,10.8
2026-08-12T00:00,22.9,98,27.4,0.00,98,12,5,98,0.00,4.8,9.1,329,326,10.8
2026-08-12T01:00,22.8,98,27.3,0.80,96,35,4,94,0.01,5.3,9.3,298,295,10.1
2026-08-12T02:00,23.6,95,27.8,0.20,85,64,19,54,0.06,8.0,10.9,280,282,16.9
2026-08-12T03:00,24.8,89,29.2,0.20,100,100,10,30,0.16,7.4,10.0,284,283,17.6
2026-08-12T04:00,25.0,88,29.0,0.40,93,81,45,38,0.18,9.6,12.8,310,309,22.7
2026-08-12T05:00,25.9,86,30.6,0.40,59,12,42,21,0.27,6.4,8.2,331,328,22.7
2026-08-12T06:00,24.9,93,31.2,0.10,100,100,100,30,0.50,6.9,9.8,313,308,18.7
2026-08-12T07:00,25.9,90,30.6,4.70,100,27,100,12,0.28,10.0,13.6,276,275,21.2
2026-08-12T08:00,25.6,90,29.9,4.50,100,22,100,11,0.24,10.9,14.6,278,279,23.4
2026-08-12T09:00,25.8,91,30.6,3.70,26,1,13,16,0.22,8.9,12.9,261,261,24.5
2026-08-12T10:00,26.4,88,31.1,0.70,38,2,2,35,0.29,10.6,14.6,270,269,25.2
2026-08-12T11:00,27.2,81,31.4,0.20,34,4,7,27,0.31,11.7,16.4,274,273,26.3
2026-08-12T12:00,25.3,92,30.1,0.10,98,30,51,95,0.18,8.5,14.4,316,307,27.4
2026-08-12T13:00,25.0,94,29.5,0.90,87,2,4,86,0.04,9.8,17.2,247,249,17.3
2026-08-12T14:00,24.3,94,28.2,0.10,100,9,100,41,0.01,12.1,21.6,258,263,20.9
2026-08-12T15:00,24.0,96,28.0,0.00,100,100,97,10,0.00,11.6,21.7,248,250,22.7
2026-08-12T16:00,24.3,94,28.3,0.00,63,11,55,16,0.00,11.3,20.8,241,244,20.5
2026-08-12T17:00,24.0,94,28.2,0.00,23,2,9,15,0.00,9.3,19.2,254,255,20.2
2026-08-12T18:00,23.7,93,26.9,0.00,92,16,91,16,0.00,13.1,24.4,269,274,17.6
2026-08-12T19:00,23.6,93,26.9,0.00,41,16,2,28,0.00,12.4,21.6,246,251,24.1
2026-08-12T20:00,23.2,95,26.5,0.00,30,12,19,8,0.00,11.8,21.7,246,249,23.0
2026-08-12T21:00,23.0,96,26.2,0.00,74,60,18,21,0.00,12.2,22.0,251,252,23.0
2026-08-12T22:00,23.0,95,26.2,0.00,100,100,21,11,0.00,12.2,21.6,257,259,23.4
2026-08-12T23:00,23.0,94,26.0,0.00,100,100,1,2,0.00,12.9,21.9,257,260,24.5
2026-08-13T00:00,23.1,97,26.3,0.00,94,92,23,0,0.00,13.8,23.5,264,265,25.2
2026-08-13T01:00,23.2,96,26.3,0.00,59,55,16,0,0.01,13.6,23.1,263,265,25.9
2026-08-13T02:00,23.8,92,27.0,0.00,100,100,8,9,0.07,13.8,21.0,263,265,26.6
2026-08-13T03:00,24.4,88,27.2,0.00,100,100,2,25,0.11,15.4,22.2,265,266,32.4
2026-08-13T04:00,25.0,86,28.1,0.10,100,100,2,78,0.16,14.1,22.2,266,266,32.8
2026-08-13T05:00,25.9,83,29.2,0.20,100,100,2,67,0.24,13.5,18.8,265,266,30.2
2026-08-13T06:00,25.9,83,28.8,0.20,100,99,1,82,0.27,16.0,23.2,269,269,32.0
2026-08-13T07:00,27.2,77,30.8,0.30,45,9,13,30,0.41,14.1,19.6,273,272,34.2
2026-08-13T08:00,28.8,72,33.5,0.00,16,8,4,4,0.53,13.9,19.3,272,273,32.0
2026-08-13T09:00,29.5,69,34.4,0.00,100,100,5,13,0.58,14.6,19.8,266,267,33.1
2026-08-13T10:00,27.4,80,31.2,0.50,99,98,9,27,0.38,14.2,19.4,258,259,33.1
2026-08-13T11:00,27.5,82,31.5,1.10,76,13,11,70,0.29,15.0,21.1,265,266,29.9
2026-08-13T12:00,27.4,76,30.6,0.40,52,13,6,41,0.21,14.8,22.3,268,268,29.9
2026-08-13T13:00,26.4,81,30.0,0.00,96,2,3,96,0.09,12.4,20.8,260,261,29.5
2026-08-13T14:00,25.7,84,29.5,0.00,99,2,3,99,0.03,10.7,20.1,254,258,23.4
2026-08-13T15:00,25.3,86,29.0,0.00,85,4,8,84,0.01,11.6,21.9,251,254,21.6
2026-08-13T16:00,25.0,87,28.6,0.00,91,8,9,90,0.01,11.4,21.7,255,258,22.3
2026-08-13T17:00,24.7,88,28.4,0.00,91,2,2,91,0.01,10.8,21.0,249,254,21.2
2026-08-13T18:00,24.1,89,27.4,0.00,99,0,1,99,0.01,12.1,22.3,255,257,20.5
2026-08-13T19:00,23.9,89,27.3,0.00,98,1,7,98,0.00,10.8,20.1,260,263,23.0
2026-08-13T20:00,23.6,91,26.9,0.00,92,6,2,91,0.00,11.1,20.7,261,263,21.2
2026-08-13T21:00,23.4,92,26.7,0.00,100,80,13,99,0.00,10.7,20.0,264,267,20.9
2026-08-13T22:00,23.3,93,26.7,0.00,100,100,5,94,0.00,10.9,19.9,262,266,20.9
2026-08-13T23:00,23.5,92,26.7,0.00,100,100,8,100,0.00,11.8,20.3,259,262,22.3
2026-08-14T00:00,23.7,91,27.0,0.00,100,100,1,100,0.00,11.9,20.9,267,269,22.7
2026-08-14T01:00,23.9,91,27.3,0.00,100,82,2,100,0.02,11.2,19.1,272,273,23.0
2026-08-14T02:00,24.1,91,27.3,0.10,100,97,0,94,0.06,13.5,20.0,273,274,27.4
2026-08-14T03:00,25.2,86,28.3,0.20,100,61,10,100,0.14,14.1,20.4,273,274,29.2
2026-08-14T04:00,25.7,84,29.4,0.40,100,41,45,100,0.24,11.4,16.0,281,281,29.5
2026-08-14T05:00,25.5,85,29.3,0.30,100,35,80,100,0.16,10.3,14.4,286,286,25.6
2026-08-14T06:00,26.9,81,31.0,0.00,100,15,100,100,0.24,10.8,14.8,280,280,22.7
2026-08-14T07:00,27.4,77,31.3,0.00,100,100,65,100,0.32,10.1,13.3,280,280,24.8
2026-08-14T08:00,27.5,77,31.5,0.20,100,100,30,100,0.28,10.0,13.1,283,283,24.5
2026-08-14T09:00,27.9,76,32.0,0.10,100,41,9,100,0.33,10.8,14.2,274,274,25.9
2026-08-14T10:00,27.6,79,32.2,0.10,100,91,13,100,0.25,9.1,11.8,262,262,27.0
2026-08-14T11:00,27.4,80,31.6,0.10,100,13,16,100,0.20,11.2,15.1,254,255,24.1
2026-08-14T12:00,26.1,85,30.3,3.30,100,38,70,100,0.12,9.4,14.3,272,275,28.1
2026-08-14T13:00,24.9,92,29.2,0.40,100,11,100,100,0.04,10.2,17.5,261,266,18.7
2026-08-14T14:00,24.6,94,28.8,0.60,99,4,66,99,0.02,11.3,20.8,278,279,20.2
2026-08-14T15:00,24.5,96,29.2,0.20,100,11,92,100,0.00,8.7,17.8,275,281,19.4
2026-08-14T16:00,24.1,96,28.9,2.00,100,4,100,98,0.00,6.8,15.7,258,265,16.6
2026-08-14T17:00,24.4,96,28.7,1.00,98,4,30,98,0.00,10.9,21.3,261,266,19.4
2026-08-14T18:00,24.2,95,28.0,0.50,100,13,100,81,0.00,12.8,23.4,274,277,19.8
2026-08-14T19:00,24.0,95,27.5,0.00,98,10,61,97,0.00,13.9,24.5,276,277,24.8
2026-08-14T20:00,23.9,94,27.1,0.00,100,5,99,100,0.00,14.8,25.5,274,276,27.0
2026-08-14T21:00,23.6,94,26.6,0.00,100,4,70,100,0.00,15.4,26.5,281,282,28.4
2026-08-14T22:00,23.4,95,26.3,0.10,100,7,100,100,0.00,15.1,26.3,279,280,28.4
2026-08-14T23:00,23.2,96,26.1,0.20,100,9,36,100,0.00,15.3,26.5,279,280,28.1
2026-08-15T00:00,23.3,97,26.3,0.30,100,58,18,100,0.00,15.6,26.9,286,287,28.8
2026-08-15T01:00,23.3,97,26.4,0.40,100,84,5,100,0.01,14.8,26.0,284,286,27.7
2026-08-15T02:00,23.6,96,26.8,0.40,100,73,11,100,0.04,15.4,26.1,288,289,28.1
2026-08-15T03:00,24.0,96,27.2,0.50,100,56,2,100,0.08,17.0,27.6,293,294,31.0
2026-08-15T04:00,24.4,95,27.7,0.70,100,20,9,100,0.11,16.7,27.0,296,297,33.1
2026-08-15T05:00,25.3,97,29.9,0.80,100,16,3,100,0.21,13.0,20.0,289,291,32.0
2026-08-15T06:00,26.5,84,29.9,0.40,100,28,18,100,0.26,16.4,23.3,296,297,29.5
2026-08-15T07:00,26.5,82,29.6,0.30,100,20,60,100,0.26,17.2,24.7,293,294,35.3
2026-08-15T08:00,25.3,89,28.8,2.10,100,5,76,100,0.27,14.7,21.5,299,300,36.4
2026-08-15T09:00,25.2,91,28.8,1.70,100,6,66,99,0.25,15.1,22.7,287,288,36.4
2026-08-15T10:00,25.3,91,29.0,0.50,100,21,98,99,0.17,15.4,23.1,293,293,31.3
2026-08-15T11:00,24.9,94,28.7,1.40,100,49,98,100,0.11,14.8,23.5,299,299,28.8
2026-08-15T12:00,25.9,86,29.7,2.40,100,28,11,100,0.09,13.0,20.9,280,281,30.2
2026-08-15T13:00,24.7,92,28.3,0.40,100,1,7,100,0.05,13.5,23.0,283,284,26.3
2026-08-15T14:00,24.1,94,27.8,0.20,100,0,31,100,0.02,12.5,23.0,274,276,24.1
2026-08-15T15:00,24.0,95,27.7,0.20,100,2,100,100,0.00,12.6,23.6,279,280,23.0
2026-08-15T16:00,24.1,95,28.0,0.30,100,2,100,100,0.00,11.7,23.3,275,275,22.7
2026-08-15T17:00,24.0,96,27.8,1.30,100,3,100,100,0.00,12.1,23.3,275,278,22.7
2026-08-15T18:00,23.9,95,27.5,1.10,100,2,100,100,0.00,13.8,24.8,276,279,23.0
2026-08-15T19:00,23.7,96,27.2,0.20,100,3,98,100,0.00,13.0,24.1,273,276,24.5
2026-08-15T20:00,23.5,96,26.8,0.10,100,11,73,100,0.00,14.1,25.5,273,274,25.2
2026-08-15T21:00,23.3,96,26.3,0.10,98,19,18,98,0.00,15.2,26.2,274,276,27.0
2026-08-15T22:00,23.0,96,25.8,0.10,100,20,24,100,0.00,15.3,26.8,278,279,27.4
2026-08-15T23:00,22.8,96,25.4,0.10,99,1,39,99,0.00,16.2,28.1,282,283,29.2
2026-08-16T00:00,22.9,95,25.3,0.00,95,13,16,94,0.00,16.5,28.8,280,281,28.8
2026-08-16T01:00,23.1,95,25.6,0.00,88,13,14,85,0.02,16.5,28.2,281,282,31.3
2026-08-16T02:00,23.9,93,26.9,0.20,98,40,47,95,0.06,15.3,24.9,282,283,35.3
2026-08-16T03:00,24.6,90,27.9,0.20,99,24,56,97,0.12,13.8,20.3,285,285,33.5
2026-08-16T04:00,25.7,86,29.1,0.20,100,100,100,80,0.24,15.2,21.7,289,289,32.4
2026-08-16T05:00,26.1,84,29.6,0.10,100,100,100,66,0.21,14.3,20.3,290,290,32.8
2026-08-16T06:00,24.7,91,28.3,0.10,100,93,100,92,0.21,13.0,21.5,288,288,31.7
2026-08-16T07:00,25.2,89,28.9,0.30,100,65,100,98,0.16,12.8,18.2,286,287,27.7
2026-08-16T08:00,25.8,87,29.9,0.50,100,100,100,89,0.23,10.7,14.6,286,286,27.0
2026-08-16T09:00,26.6,83,30.7,0.30,100,14,100,82,0.35,11.3,15.4,287,287,27.0
2026-08-16T10:00,27.1,80,31.4,0.10,100,6,91,97,0.31,9.7,13.2,282,280,27.0
2026-08-16T11:00,27.0,78,30.8,0.10,100,6,55,99,0.23,11.5,16.6,272,272,25.6
2026-08-16T12:00,25.7,92,31.0,0.00,100,10,97,98,0.14,7.0,14.1,280,287,24.5
2026-08-16T13:00,25.1,93,29.9,1.20,100,0,98,98,0.04,8.0,13.9,262,276,16.2
2026-08-16T14:00,24.6,96,29.7,0.30,100,1,53,99,0.01,6.4,12.8,230,246,13.0
2026-08-16T15:00,24.2,96,28.9,0.10,100,1,7,100,0.00,7.9,16.4,246,253,13.7
2026-08-16T16:00,24.0,96,28.4,0.00,100,0,2,100,0.00,8.8,19.0,247,257,15.1
2026-08-16T17:00,24.0,95,28.5,0.00,100,4,13,100,0.00,7.6,17.8,243,252,15.1
2026-08-16T18:00,24.0,94,27.9,0.00,100,1,20,100,0.00,10.7,21.7,239,243,15.8
2026-08-16T19:00,23.7,95,27.6,0.00,98,1,49,96,0.00,10.9,21.7,236,241,19.1
2026-08-16T20:00,23.7,95,27.3,1.50,100,2,95,100,0.00,11.6,22.1,246,251,19.4
2026-08-16T21:00,23.2,95,26.3,2.20,100,0,100,100,0.00,13.8,25.9,263,264,24.5
2026-08-16T22:00,22.9,96,26.0,0.40,100,2,49,100,0.00,13.3,24.3,267,269,24.8
2026-08-16T23:00,22.8,96,25.9,0.00,100,2,100,100,0.00,12.5,22.9,265,268,23.0

time,temperature_2m_mean (°C),temperature_2m_max (°C),temperature_2m_min (°C),apparent_temperature_mean (°C),apparent_temperature_max (°C),apparent_temperature_min (°C),wind_speed_10m_max (km/h),wind_gusts_10m_max (km/h),wind_direction_10m_dominant (°),shortwave_radiation_sum (MJ/m²),et0_fao_evapotranspiration (mm)
2026-08-02,26.0,29.0,23.4,29.6,32.7,26.0,16.5,35.3,219,16.58,3.55
2026-08-03,26.5,30.1,23.6,30.6,35.4,27.4,14.9,33.1,241,19.06,4.02
2026-08-04,26.5,30.1,24.5,30.6,36.2,27.8,15.9,33.8,267,20.14,4.18
2026-08-05,26.6,29.2,24.2,30.5,33.4,27.8,15.1,34.9,264,19.03,4.04
2026-08-06,26.5,29.9,24.0,30.1,34.3,27.1,16.8,37.8,267,22.91,4.83
2026-08-07,25.2,27.8,24.1,28.9,31.5,27.3,17.8,40.7,271,11.17,2.40
2026-08-08,25.3,27.6,24.0,29.1,31.0,26.8,17.5,37.1,281,12.72,2.58
2026-08-09,24.2,25.9,23.2,27.8,29.6,26.1,19.1,37.8,288,6.75,1.37
2026-08-10,23.9,25.7,22.7,26.5,28.8,25.5,23.1,49.0,264,8.62,1.77
2026-08-11,24.6,28.4,22.9,29.1,33.7,26.3,14.1,28.4,278,11.86,2.41
2026-08-12,24.4,27.2,22.8,28.6,31.4,26.0,13.1,27.4,269,14.29,2.73
2026-08-13,25.3,29.5,23.1,28.8,34.4,26.3,16.0,34.2,263,16.88,3.45
2026-08-14,25.1,27.9,23.2,29.0,32.2,26.1,15.4,29.5,274,11.37,2.45
2026-08-15,24.3,26.5,22.8,27.8,29.9,25.4,17.2,36.4,285,9.94,1.94
2026-08-16,24.6,27.1,22.8,28.4,31.4,25.3,16.5,35.3,271,11.79,2.34
