time,poa_global,temp_air,wind_speed,temp_cell,I_mp,V_mp,P_mp,thermal_stress_rate
2026-08-02 00:00:00+00:00,0.0,23.4,4.277777777777778,23.4,0.0,0.0,0.0,3.585133116078064e-15
2026-08-02 01:00:00+00:00,8.497187610408162,23.7,4.388888888888889,23.899364337498458,0.0,0.0,0.0,3.7913104394925696e-15
2026-08-02 02:00:00+00:00,57.07279309231106,24.2,3.8333333333333335,25.588752407528816,0.47359986489799044,26.422767970870904,12.51381934123541,4.574485748915699e-15
2026-08-02 03:00:00+00:00,204.10444591120918,25.3,4.583333333333333,30.028313480193347,1.6973583981175044,27.28421691129988,46.31109471045449,7.418628290271481e-15
2026-08-02 04:00:00+00:00,161.55022124545266,26.1,4.194444444444445,29.93891585840479,1.3432233019373065,27.044526016554578,36.32683753528583,7.347777404677621e-15
2026-08-02 05:00:00+00:00,199.68845520533714,26.7,4.527777777777778,31.342825941899903,1.6607041004248209,27.04969710237114,44.92154289315715,8.537332774918912e-15
2026-08-02 06:00:00+00:00,289.3902477868706,27.0,3.888888888888889,34.01606391200125,2.4069913131283145,26.97275226067415,64.92318038260478,1.1317763574350964e-14
2026-08-02 07:00:00+00:00,254.25767258210058,28.1,3.9166666666666665,34.25305776207775,2.1148596653282303,26.821465624128166,56.723635813456326,1.1601457061472603e-14
2026-08-02 08:00:00+00:00,265.8436029616206,28.6,3.9722222222222223,35.010004190769905,2.2112520161356235,26.741199872233864,59.13153213136281,1.2552865143681233e-14
2026-08-02 09:00:00+00:00,341.3990213526862,29.0,3.611111111111111,37.42966479886163,2.839337490103459,26.559738026855435,75.4120599069771,1.6108111351747962e-14
2026-08-02 10:00:00+00:00,393.70293725919515,29.0,3.888888888888889,38.545052023271566,3.273640443365054,26.477155544305802,86.67668721510674,1.8046879381964642e-14
2026-08-02 11:00:00+00:00,117.2883896507388,28.5,4.25,31.27699672006826,0.9748201283130328,26.441366859375506,25.775576634628404,8.477738227736024e-15
2026-08-02 12:00:00+00:00,125.26669583855201,28.1,4.388888888888889,31.03905618794199,1.0412348279395582,26.562478530631665,27.657777762490472,8.26557222019377e-15
2026-08-02 13:00:00+00:00,7.186379960751964,27.3,3.7777777777777777,27.475506312418062,0.0,0.0,0.0,5.627808579831289e-15
2026-08-02 14:00:00+00:00,0.0,26.1,3.3055555555555554,26.1,0.0,0.0,0.0,4.8399466702258634e-15
2026-08-02 15:00:00+00:00,0.0,25.6,3.2777777777777777,25.6,0.0,0.0,0.0,4.580175828948352e-15
2026-08-02 16:00:00+00:00,0.0,25.3,3.2499999999999996,25.3,0.0,0.0,0.0,4.430661408240808e-15
2026-08-02 17:00:00+00:00,0.0,25.4,3.555555555555556,25.4,0.0,0.0,0.0,4.47998242625062e-15
2026-08-02 18:00:00+00:00,0.0,25.3,3.611111111111111,25.3,0.0,0.0,0.0,4.430661408240808e-15
2026-08-02 19:00:00+00:00,0.0,25.0,3.5,25.0,0.0,0.0,0.0,4.2857414594156e-15
2026-08-02 20:00:00+00:00,0.0,24.7,3.3611111111111107,24.7,0.0,0.0,0.0,4.145283908832428e-15
2026-08-02 21:00:00+00:00,0.0,24.3,3.222222222222222,24.3,0.0,0.0,0.0,3.964726994959733e-15
2026-08-02 22:00:00+00:00,0.0,24.0,3.1111111111111107,24.0,0.0,0.0,0.0,3.8341877200233705e-15
2026-08-02 23:00:00+00:00,0.0,23.7,2.861111111111111,23.7,0.0,0.0,0.0,3.7076955660324784e-15
2026-08-03 00:00:00+00:00,0.0,23.6,3.0277777777777777,23.6,0.0,0.0,0.0,3.666410488752425e-15
2026-08-03 01:00:00+00:00,21.39595982954852,23.8,2.7777777777777777,24.35823162001373,0.17708565073440477,25.22154951632806,4.466374508628967,3.9905445694370305e-15
2026-08-03 02:00:00+00:00,89.02609501585077,25.1,3.6944444444444446,27.286158844099965,0.739480884089061,26.742425997198524,19.775512819094654,5.512626689474234e-15
2026-08-03 03:00:00+00:00,342.45587320481246,26.2,3.8055555555555554,34.54821545210718,2.84801011567162,27.01726172739364,76.9454346973648,1.1964101003091695e-14
2026-08-03 04:00:00+00:00,375.6880848920513,26.9,3.861111111111111,36.02493943804716,3.1240689679527196,26.84524541885808,83.86639815012944,1.3943661142797154e-14
2026-08-03 05:00:00+00:00,295.38483522602866,27.8,3.8055555555555554,35.000741580732836,2.4568786929111632,26.833146822505807,65.9257866919714,1.2540793292258597e-14
2026-08-03 06:00:00+00:00,223.40399510330568,27.6,3.861111111111111,33.02617135734075,1.8581315471344753,26.893748254805914,49.972122052947604,1.0201670376411823e-14
2026-08-03 07:00:00+00:00,299.0756077774218,27.2,2.9166666666666665,34.93147460510363,2.487555759018158,26.854271140820213,66.80149683058244,1.2450862870976208e-14
2026-08-03 08:00:00+00:00,518.4412098112747,29.6,3.0277777777777777,42.904031931168234,4.307164751224044,25.92048474734681,111.64379823841264,2.792236473199147e-14
2026-08-03 09:00:00+00:00,735.6892350817794,30.1,3.5833333333333335,48.29857511799279,6.097834988764697,25.112400937221672,153.1312770868777,4.714286141251981e-14
2026-08-03 10:00:00+00:00,598.7995008906857,29.9,3.555555555555556,44.739510163939435,4.971150202105691,25.666387923449825,127.59146951298067,3.343586738938278e-14
2026-08-03 11:00:00+00:00,341.70651844822675,28.8,3.6944444444444446,37.191075979005845,2.8418892936251985,26.598058432828406,75.58873749147247,1.571956997253754e-14
2026-08-03 12:00:00+00:00,88.19793466303209,28.5,4.138888888888889,30.603492540275987,0.7326439162068756,26.182232596612685,19.18225342462163,7.890039340893387e-15
2026-08-03 13:00:00+00:00,7.742431929203299,27.8,3.083333333333333,27.99795366050154,0.0,0.0,0.0,5.957449641185171e-15
2026-08-03 14:00:00+00:00,0.0,27.2,2.4444444444444446,27.2,0.0,0.0,0.0,5.460951613400422e-15
2026-08-03 15:00:00+00:00,0.0,26.4,3.611111111111111,26.4,0.0,0.0,0.0,5.002386466655238e-15
2026-08-03 16:00:00+00:00,0.0,26.0,3.555555555555556,26.0,0.0,0.0,0.0,4.786910396335569e-15
2026-08-03 17:00:00+00:00,0.0,25.8,3.194444444444444,25.8,0.0,0.0,0.0,4.682471447770651e-15
2026-08-03 18:00:00+00:00,0.0,25.8,3.0555555555555554,25.8,0.0,0.0,0.0,4.682471447770651e-15
2026-08-03 19:00:00+00:00,0.0,25.3,2.75,25.3,0.0,0.0,0.0,4.430661408240808e-15
2026-08-03 20:00:00+00:00,0.0,24.8,2.5833333333333335,24.8,0.0,0.0,0.0,4.1916152770577414e-15
2026-08-03 21:00:00+00:00,0.0,24.5,2.8055555555555554,24.5,0.0,0.0,0.0,4.054061028125276e-15
2026-08-03 22:00:00+00:00,0.0,24.4,3.0,24.4,0.0,0.0,0.0,4.009160206670864e-15
2026-08-03 23:00:00+00:00,0.0,24.5,3.2777777777777777,24.5,0.0,0.0,0.0,4.054061028125276e-15
2026-08-04 00:00:00+00:00,0.0,24.5,3.3611111111111107,24.5,0.0,0.0,0.0,4.054061028125276e-15
2026-08-04 01:00:00+00:00,8.90898729054317,24.5,3.222222222222222,24.725695992467394,0.0,0.0,0.0,4.1571430579918565e-15
2026-08-04 02:00:00+00:00,78.48566787999728,25.3,3.333333333333333,27.27377162140877,0.6517672099871777,26.57716011324867,17.32212149639459,5.505169105643632e-15
2026-08-04 03:00:00+00:00,123.16112317666851,26.6,4.416666666666667,29.484409527995,1.0236616538900305,26.795644276463786,27.429673537093848,6.997281058013667e-15
2026-08-04 04:00:00+00:00,161.3202687438525,27.4,4.055555555555555,31.26852438221061,1.3413721797066256,26.827228595731377,35.98529809694411,8.470096716362547e-15
2026-08-04 05:00:00+00:00,239.27934646371924,28.3,3.9166666666666665,34.09058096895019,1.9902588974188875,26.790313053049083,53.3196589184683,1.1406255342281893e-14
2026-08-04 06:00:00+00:00,223.35226533198474,28.7,3.5,34.25545203179805,1.8577553144262144,26.69636082800873,49.59530620407303,1.1604356848939085e-14
2026-08-04 07:00:00+00:00,276.8359883560492,27.7,3.2499999999999996,34.700362312288874,2.3026488485501115,26.826228243191057,61.77138357512637,1.2155160802032152e-14
2026-08-04 08:00:00+00:00,667.582864635168,29.2,2.5833333333333335,46.84402782974174,5.53787274516148,25.346632211962227,140.36642370825766,4.1005239251032055e-14
2026-08-04 09:00:00+00:00,195.97992244409411,30.1,2.694444444444444,35.24158874259771,1.6299883243044808,26.402060566466286,43.03505046091979,1.2858251529359454e-14
2026-08-04 10:00:00+00:00,156.30582783896483,26.4,4.111111111111112,30.134640522419893,1.2995824270482756,26.974908683651776,35.05611729650578,7.503731122224106e-15
2026-08-04 11:00:00+00:00,105.88417171477339,26.5,2.5555555555555554,29.303662750602946,0.8798421808190824,26.6350174305596,23.434611822257832,6.862308312171509e-15
2026-08-04 12:00:00+00:00,55.42066814064415,28.0,2.7222222222222223,29.45129697012854,0.4598760312654065,25.735389028044132,11.835088569288223,6.972369278244919e-15
2026-08-04 13:00:00+00:00,5.174286320951884,27.3,2.694444444444444,27.43574886634815,0.0,0.0,0.0,5.603437903322603e-15
2026-08-04 14:00:00+00:00,0.0,26.7,2.111111111111111,26.7,0.0,0.0,0.0,5.169936602470517e-15
2026-08-04 15:00:00+00:00,0.0,26.3,1.9444444444444444,26.3,0.0,0.0,0.0,4.947679331067371e-15
2026-08-04 16:00:00+00:00,0.0,26.0,1.9166666666666667,26.0,0.0,0.0,0.0,4.786910396335569e-15
2026-08-04 17:00:00+00:00,0.0,25.7,2.1944444444444446,25.7,0.0,0.0,0.0,4.631058309024241e-15
2026-08-04 18:00:00+00:00,0.0,25.8,2.888888888888889,25.8,0.0,0.0,0.0,4.682471447770651e-15
2026-08-04 19:00:00+00:00,0.0,25.5,3.1666666666666665,25.5,0.0,0.0,0.0,4.5298188914770775e-15
2026-08-04 20:00:00+00:00,0.0,25.1,3.1666666666666665,25.1,0.0,0.0,0.0,4.3335458381884404e-15
2026-08-04 21:00:00+00:00,0.0,24.9,3.0,24.9,0.0,0.0,0.0,4.238432873669092e-15
2026-08-04 22:00:00+00:00,0.0,24.8,3.1666666666666665,24.8,0.0,0.0,0.0,4.1916152770577414e-15
2026-08-04 23:00:00+00:00,0.0,24.6,3.1666666666666665,24.6,0.0,0.0,0.0,4.09943405103104e-15
2026-08-05 00:00:00+00:00,0.0,24.6,3.638888888888889,24.6,0.0,0.0,0.0,4.09943405103104e-15
2026-08-05 01:00:00+00:00,9.466391793017499,24.7,3.8333333333333335,24.930345733595,0.0,0.0,0.0,4.252736900893986e-15
2026-08-05 02:00:00+00:00,67.50630061041576,25.4,3.7777777777777777,27.048643955625124,0.5604094758782503,26.410407016407014,14.800642353795919,5.371273348641339e-15
2026-08-05 03:00:00+00:00,111.72074363808535,26.3,3.8055555555555554,29.023471580826325,0.9284173438089208,26.74926537973754,24.83448191269585,6.657896735873978e-15
2026-08-05 04:00:00+00:00,161.2057540400068,27.2,3.611111111111111,31.180417005358528,1.3404153050164545,26.840702002488726,35.977687761521686,8.391011590820119e-15
2026-08-05 05:00:00+00:00,199.4796859717332,28.2,3.6944444444444446,33.098499475100446,1.6590558607827912,26.76584258865127,44.40602801549153,1.0279587403810725e-14
2026-08-05 06:00:00+00:00,223.29664586062873,28.3,3.9166666666666665,33.70379822604965,1.8572705827107712,26.784573182075835,49.74619984153328,1.0953890933083337e-14
2026-08-05 07:00:00+00:00,230.78928206981516,28.8,3.6666666666666665,34.4777252434884,1.9196414464086538,26.69324513011516,51.241459690915015,1.1876540073810293e-14
2026-08-05 08:00:00+00:00,221.38539514733577,28.3,4.194444444444445,33.560778336905194,1.8413618234033151,26.79891187631464,49.346493237795485,1.0790923989307205e-14
2026-08-05 09:00:00+00:00,195.79686849735558,28.7,4.166666666666667,33.36119676425344,1.6284160277030513,26.703746826789295,43.48480933246819,1.0567304088932121e-14
2026-08-05 10:00:00+00:00,156.03459194076953,29.2,3.638888888888889,33.045689120784175,1.2974284671258816,26.50047908149064,34.382475952799886,1.022264155859649e-14
2026-08-05 11:00:00+00:00,105.51784488302715,28.9,3.3611111111111107,31.5487179058688,0.876832876344952,26.26190683411826,23.027303307663065,8.726271894511409e-15
2026-08-05 12:00:00+00:00,49.926651100246595,28.4,3.5,29.641828082126093,0.4141749415889569,25.555563807838027,10.584474147384176,7.116859683435014e-15
2026-08-05 13:00:00+00:00,4.458712348525844,27.7,3.222222222222222,27.812954870829742,0.0,0.0,0.0,5.838703988361564e-15
2026-08-05 14:00:00+00:00,0.0,26.8,2.861111111111111,26.8,0.0,0.0,0.0,5.226948040296073e-15
2026-08-05 15:00:00+00:00,0.0,26.5,2.5555555555555554,26.5,0.0,0.0,0.0,5.057661385193974e-15
2026-08-05 16:00:00+00:00,0.0,26.1,2.2777777777777777,26.1,0.0,0.0,0.0,4.8399466702258634e-15
2026-08-05 17:00:00+00:00,0.0,25.9,2.5555555555555554,25.9,0.0,0.0,0.0,4.734420407336846e-15
2026-08-05 18:00:00+00:00,0.0,25.5,2.5833333333333335,25.5,0.0,0.0,0.0,4.5298188914770775e-15
2026-08-05 19:00:00+00:00,0.0,25.0,2.388888888888889,25.0,0.0,0.0,0.0,4.2857414594156e-15
2026-08-05 20:00:00+00:00,0.0,24.8,2.5555555555555554,24.8,0.0,0.0,0.0,4.1916152770577414e-15
2026-08-05 21:00:00+00:00,0.0,24.6,2.888888888888889,24.6,0.0,0.0,0.0,4.09943405103104e-15
2026-08-05 22:00:00+00:00,0.0,24.4,2.9166666666666665,24.4,0.0,0.0,0.0,4.009160206670864e-15
2026-08-05 23:00:00+00:00,0.0,24.2,2.833333333333333,24.2,0.0,0.0,0.0,3.920756842675104e-15
2026-08-06 00:00:00+00:00,0.0,24.0,3.5,24.0,0.0,0.0,0.0,3.8341877200233705e-15
2026-08-06 01:00:00+00:00,28.882024082289327,24.1,3.3888888888888884,24.823670504381493,0.23924976875825474,25.580986565962185,6.120245120514474,4.202653136884489e-15
2026-08-06 02:00:00+00:00,165.01626938033453,25.2,3.638888888888889,29.267055029369626,1.3720321898170589,27.177583805999873,37.28851982328264,6.835270791668139e-15
2026-08-06 03:00:00+00:00,193.80097572447545,26.2,3.7777777777777777,30.933022019178903,1.611686285602401,27.084202679714586,43.651238015371796,8.172637922753123e-15
2026-08-06 04:00:00+00:00,208.60000483200633,27.2,3.6944444444444446,32.32246151380211,1.7349155942182393,26.937359229944242,46.73404459508889,9.471958503109687e-15
2026-08-06 05:00:00+00:00,775.9511587527073,28.3,3.416666666666667,47.70668165920071,6.429216620522381,25.188985369196004,161.94544338973003,4.45483896908246e-14
2026-08-06 06:00:00+00:00,882.6996769647137,29.0,3.7222222222222223,50.636310913617535,7.302000422405739,24.6913025546553,180.29590168384092,5.8834737451064e-14
2026-08-06 07:00:00+00:00,872.7853908518061,29.7,4.166666666666667,50.47778092646593,7.22102340240335,24.721170748966273,178.5121525130946,5.796327121504549e-14
2026-08-06 08:00:00+00:00,838.046295232846,29.9,4.305555555555555,49.670083116304276,6.9372464273223695,24.862604063869505,172.47801121600935,5.3707410747952445e-14
2026-08-06 09:00:00+00:00,528.3686131427195,29.8,4.361111111111111,42.21933877844994,4.389446643040606,26.03204916804927,114.26629083216187,2.6093072851117566e-14
2026-08-06 10:00:00+00:00,186.74208385210488,29.9,4.055555555555555,34.3781496472322,1.5530810135458244,26.488662170582792,41.13903829136166,1.1753873557916874e-14
2026-08-06 11:00:00+00:00,126.03771559996011,28.8,4.666666666666667,31.70397212009311,1.0476682487969293,26.4614821829165,27.722854699147277,8.871329529997614e-15
2026-08-06 12:00:00+00:00,73.1361179476592,26.5,3.6944444444444446,28.295958488867175,0.6072676272322831,26.31220717099106,15.978551615972005,6.153510357975207e-15
2026-08-06 13:00:00+00:00,4.637273581175851,25.9,3.3055555555555554,26.016833182196553,0.0,0.0,0.0,4.795799706078441e-15
2026-08-06 14:00:00+00:00,0.0,25.9,2.694444444444444,25.9,0.0,0.0,0.0,4.734420407336846e-15
2026-08-06 15:00:00+00:00,0.0,26.0,2.4722222222222223,26.0,0.0,0.0,0.0,4.786910396335569e-15
2026-08-06 16:00:00+00:00,0.0,25.8,2.638888888888889,25.8,0.0,0.0,0.0,4.682471447770651e-15
2026-08-06 17:00:00+00:00,0.0,25.7,2.9166666666666665,25.7,0.0,0.0,0.0,4.631058309024241e-15
2026-08-06 18:00:00+00:00,0.0,25.2,3.5277777777777777,25.2,0.0,0.0,0.0,4.3818508573792225e-15
2026-08-06 19:00:00+00:00,0.0,25.0,3.416666666666667,25.0,0.0,0.0,0.0,4.2857414594156e-15
2026-08-06 20:00:00+00:00,0.0,24.8,3.5,24.8,0.0,0.0,0.0,4.1916152770577414e-15
2026-08-06 21:00:00+00:00,0.0,24.7,3.6666666666666665,24.7,0.0,0.0,0.0,4.145283908832428e-15
2026-08-06 22:00:00+00:00,0.0,24.5,3.6666666666666665,24.5,0.0,0.0,0.0,4.054061028125276e-15
2026-08-06 23:00:00+00:00,0.0,24.2,4.305555555555555,24.2,0.0,0.0,0.0,3.920756842675104e-15
2026-08-07 00:00:00+00:00,0.0,24.7,4.527777777777778,24.7,0.0,0.0,0.0,4.145283908832428e-15
2026-08-07 01:00:00+00:00,7.51568785721618,24.7,4.277777777777778,24.877622935877,0.0,0.0,0.0,4.2279139976390456e-15
2026-08-07 02:00:00+00:00,55.83315328209524,25.2,4.0,26.54379230656337,0.4632988288095976,26.232303861796208,12.153395656147667,5.082047717666092e-15
2026-08-07 03:00:00+00:00,111.36445521671301,25.8,4.777777777777778,28.34737179785638,0.9254300272829112,26.85618161796613,24.853516887429215,6.187942477881253e-15
2026-08-07 04:00:00+00:00,160.97656932190608,26.7,4.944444444444445,30.342466679598445,1.3384693569208532,26.974991256683982,36.10519920027945,7.6727247499912e-15
2026-08-07 05:00:00+00:00,199.33187238491647,27.8,4.805555555555555,32.351310624912664,1.6577920725916204,26.885368687083744,44.570351078150416,9.500884972055606e-15
2026-08-07 06:00:00+00:00,267.6201866847791,25.3,3.5,31.956530246775262,2.2258362523074644,27.234164568124996,60.61879079704008,9.112143476170318e-15
2026-08-07 07:00:00+00:00,230.62780744778627,26.6,2.4444444444444446,32.75200935785423,1.9182166307090158,26.969064414991884,51.73250787550015,9.911324175560537e-15
2026-08-07 08:00:00+00:00,221.12786293215183,25.0,2.5833333333333335,30.844347382460768,1.8390535885438406,27.23386864927587,50.08454386938239,8.095672265498307e-15
2026-08-07 09:00:00+00:00,195.39251721632488,24.9,3.9722222222222223,29.61129205385671,1.6248382830296573,27.306074237844403,44.36795478089946,7.093514933483533e-15
2026-08-07 10:00:00+00:00,155.44656347519677,26.0,3.5,29.866430123780972,1.2924171261457875,27.012107571572784,34.91091043879297,7.290796553559242e-15
2026-08-07 11:00:00+00:00,115.27462709155772,26.2,3.333333333333333,29.098946951304235,0.9580017113752419,26.776323275303618,25.651763522077587,6.7123894529252795e-15
2026-08-07 12:00:00+00:00,58.73941700635824,26.2,3.1111111111111107,27.699053921168414,0.4874812166868797,26.109808186120283,12.728041062030968,5.766703323108304e-15
2026-08-07 13:00:00+00:00,5.865960656452491,25.3,2.6666666666666665,25.454179386943558,0.0,0.0,0.0,4.506919217346048e-15
2026-08-07 14:00:00+00:00,0.0,25.1,3.1111111111111107,25.1,0.0,0.0,0.0,4.3335458381884404e-15
2026-08-07 15:00:00+00:00,0.0,24.8,2.5277777777777777,24.8,0.0,0.0,0.0,4.1916152770577414e-15
2026-08-07 16:00:00+00:00,0.0,24.9,2.388888888888889,24.9,0.0,0.0,0.0,4.238432873669092e-15
2026-08-07 17:00:00+00:00,0.0,24.9,2.694444444444444,24.9,0.0,0.0,0.0,4.238432873669092e-15
2026-08-07 18:00:00+00:00,0.0,24.8,3.2777777777777777,24.8,0.0,0.0,0.0,4.1916152770577414e-15
2026-08-07 19:00:00+00:00,0.0,24.4,3.9166666666666665,24.4,0.0,0.0,0.0,4.009160206670864e-15
2026-08-07 20:00:00+00:00,0.0,24.1,3.5277777777777777,24.1,0.0,0.0,0.0,3.8772452405492055e-15
2026-08-07 21:00:00+00:00,0.0,24.1,3.8333333333333335,24.1,0.0,0.0,0.0,3.8772452405492055e-15
2026-08-07 22:00:00+00:00,0.0,24.1,3.944444444444444,24.1,0.0,0.0,0.0,3.8772452405492055e-15
2026-08-07 23:00:00+00:00,0.0,24.1,3.944444444444444,24.1,0.0,0.0,0.0,3.8772452405492055e-15
2026-08-08 00:00:00+00:00,0.0,24.0,4.583333333333333,24.0,0.0,0.0,0.0,3.8341877200233705e-15
2026-08-08 01:00:00+00:00,13.320190163621456,24.1,4.305555555555555,24.41423236181315,0.11008290397304583,24.509762042972856,2.6981057813787848,4.015522007772923e-15
2026-08-08 02:00:00+00:00,61.17779451768206,24.9,4.472222222222222,26.32757770559425,0.5077530718982736,26.395370515717453,13.402330463248655,4.9627099174010675e-15
2026-08-08 03:00:00+00:00,111.1877831383041,25.4,4.305555555555555,28.022995563211854,0.9239481599307582,26.907427100471914,24.86106775795204,5.973696496643664e-15
2026-08-08 04:00:00+00:00,160.86149318108002,26.1,4.111111111111112,29.943489774098317,1.3374911485289895,27.038911517395146,36.164304820374554,7.35138693064647e-15
2026-08-08 05:00:00+00:00,199.254566659466,27.2,4.666666666666667,31.790925054662814,1.6571194496154418,26.97522215511635,44.70116529094067,8.95355690078971e-15
2026-08-08 06:00:00+00:00,223.10336837461057,25.6,4.333333333333333,30.85359991458368,1.8554889808148862,27.241166417246745,50.54568411174587,8.103671156616995e-15
2026-08-08 07:00:00+00:00,230.53587268388367,25.1,4.25,30.558318288857052,1.9172936612474736,27.320519225750054,52.381458333520314,7.85202129635084e-15
2026-08-08 08:00:00+00:00,327.10484719550647,25.9,3.638888888888889,33.96195303598476,2.7204372006144295,27.07724615568152,73.66194773211006,1.125390882076927e-14
2026-08-08 09:00:00+00:00,288.8392707748688,26.9,3.9166666666666665,33.88993544220502,2.4024029254250188,26.991231954390177,64.84381460805221,1.1169446771925975e-14
2026-08-08 10:00:00+00:00,200.88138907178396,27.6,4.583333333333333,32.25364767351164,1.6706819866040938,26.9092378267746,44.95677891043782,9.40329335024117e-15
2026-08-08 11:00:00+00:00,114.81631240867401,27.6,4.861111111111111,30.212112955067077,0.9542177765021931,26.588887309332648,25.371588927978777,7.56631515813235e-15
2026-08-08 12:00:00+00:00,53.40429574885898,25.6,1.9166666666666667,27.075613394439554,0.4431005232384862,26.080961783465575,11.556487812816558,5.38715076484553e-15
2026-08-08 13:00:00+00:00,3.723210986077512,25.7,2.388888888888889,25.799684902699976,0.0,0.0,0.0,4.682308607563207e-15
2026-08-08 14:00:00+00:00,0.0,25.5,2.2222222222222223,25.5,0.0,0.0,0.0,4.5298188914770775e-15
2026-08-08 15:00:00+00:00,0.0,25.2,2.638888888888889,25.2,0.0,0.0,0.0,4.3818508573792225e-15
2026-08-08 16:00:00+00:00,0.0,24.9,3.1111111111111107,24.9,0.0,0.0,0.0,4.238432873669092e-15
2026-08-08 17:00:00+00:00,0.0,24.7,2.5277777777777777,24.7,0.0,0.0,0.0,4.145283908832428e-15
2026-08-08 18:00:00+00:00,0.0,24.8,3.7222222222222223,24.8,0.0,0.0,0.0,4.1916152770577414e-15
2026-08-08 19:00:00+00:00,0.0,24.6,3.75,24.6,0.0,0.0,0.0,4.09943405103104e-15
2026-08-08 20:00:00+00:00,0.0,24.4,3.9722222222222223,24.4,0.0,0.0,0.0,4.009160206670864e-15
2026-08-08 21:00:00+00:00,0.0,24.4,3.861111111111111,24.4,0.0,0.0,0.0,4.009160206670864e-15
2026-08-08 22:00:00+00:00,0.0,24.3,4.194444444444445,24.3,0.0,0.0,0.0,3.964726994959733e-15
2026-08-08 23:00:00+00:00,0.0,24.3,4.305555555555555,24.3,0.0,0.0,0.0,3.964726994959733e-15
2026-08-09 00:00:00+00:00,0.0,23.5,2.944444444444444,23.5,0.0,0.0,0.0,3.625557749200407e-15
2026-08-09 01:00:00+00:00,7.142642002541639,23.2,3.75,23.374757244274658,0.0,0.0,0.0,3.574995998543526e-15
2026-08-09 02:00:00+00:00,55.348731679097284,23.4,3.5833333333333335,24.769148824144082,0.45925095732241894,26.5174886707305,12.178182057819381,4.177269861411448e-15
2026-08-09 03:00:00+00:00,111.01195746816767,23.6,3.6666666666666665,26.331042739911155,0.9224152250194124,27.183327060839012,25.074314747600102,4.964601483721487e-15
2026-08-09 04:00:00+00:00,160.74584299739084,23.8,3.888888888888889,27.697170401156068,1.3363880011590703,27.40282011780308,36.62080000335242,5.765519723723215e-15
2026-08-09 05:00:00+00:00,199.1746542298775,24.3,3.888888888888889,29.12885001970329,1.656268672631133,27.40393427115975,45.38827784016458,6.734094843713347e-15
2026-08-09 06:00:00+00:00,223.0291334398542,25.2,4.333333333333333,30.45185184305192,1.8548390140660567,27.305372424105162,50.64707006583371,7.763099475535303e-15
2026-08-09 07:00:00+00:00,230.4360617401523,25.1,3.638888888888889,30.779416625813653,1.916482056600028,27.28462191608164,52.29048832328634,8.039747164094248e-15
2026-08-09 08:00:00+00:00,243.08681423409942,25.9,4.777777777777778,31.46041417170032,2.021766545798737,27.22630166675973,55.045225875679215,8.644763515776389e-15
2026-08-09 09:00:00+00:00,214.57931611027527,25.2,5.249999999999999,29.959933973890056,1.784502407355338,27.346099409422084,48.799180227892094,7.3643776956807e-15
2026-08-09 10:00:00+00:00,170.38860811125852,25.4,5.027777777777778,29.23459929025931,1.4167408292768806,27.21874042882761,38.56190088700939,6.811383476369648e-15
2026-08-09 11:00:00+00:00,103.88401876125225,24.7,4.972222222222221,27.046372440159654,0.86312466518507,26.981821691397958,23.288675813471123,5.369938073278795e-15
2026-08-09 12:00:00+00:00,48.02920075628554,25.6,4.305555555555555,26.733041571047824,0.39839733489301304,25.988879729499452,10.353900421087632,5.188709152723305e-15
2026-08-09 13:00:00+00:00,3.478937734126626,25.2,4.5,25.28103343386298,0.0,0.0,0.0,4.421364646334187e-15
2026-08-09 14:00:00+00:00,0.0,25.0,4.111111111111112,25.0,0.0,0.0,0.0,4.2857414594156e-15
2026-08-09 15:00:00+00:00,0.0,25.0,4.222222222222222,25.0,0.0,0.0,0.0,4.2857414594156e-15
2026-08-09 16:00:00+00:00,0.0,24.1,3.4444444444444446,24.1,0.0,0.0,0.0,3.8772452405492055e-15
2026-08-09 17:00:00+00:00,0.0,23.6,3.333333333333333,23.6,0.0,0.0,0.0,3.666410488752425e-15
2026-08-09 18:00:00+00:00,0.0,24.0,4.222222222222222,24.0,0.0,0.0,0.0,3.8341877200233705e-15
2026-08-09 19:00:00+00:00,0.0,23.2,3.6944444444444446,23.2,0.0,0.0,0.0,3.505551435613238e-15
2026-08-09 20:00:00+00:00,0.0,23.3,3.138888888888889,23.3,0.0,0.0,0.0,3.545132396487891e-15
2026-08-09 21:00:00+00:00,0.0,23.3,3.2777777777777777,23.3,0.0,0.0,0.0,3.545132396487891e-15
2026-08-09 22:00:00+00:00,0.0,23.3,4.222222222222222,23.3,0.0,0.0,0.0,3.545132396487891e-15
2026-08-09 23:00:00+00:00,0.0,23.5,5.305555555555556,23.5,0.0,0.0,0.0,3.625557749200407e-15
2026-08-10 00:00:00+00:00,0.0,23.6,5.777777777777778,23.6,0.0,0.0,0.0,3.666410488752425e-15
2026-08-10 01:00:00+00:00,6.960504028011261,23.4,5.388888888888888,23.553018675763166,0.0,0.0,0.0,3.647163744579366e-15
2026-08-10 02:00:00+00:00,55.108938336738134,23.4,5.027777777777778,24.64022784255045,0.4572550369744975,26.533072375893056,12.132380990285997,4.117820870244341e-15
2026-08-10 03:00:00+00:00,110.83689302185095,23.7,4.583333333333333,26.267663693156152,0.920955405099745,27.1917638177187,25.042401862123718,4.930109644682051e-15
2026-08-10 04:00:00+00:00,160.62944370447872,23.8,4.972222222222221,27.42805082322195,1.335399622385894,27.445724604679175,36.65101027319581,5.598730593254805e-15
2026-08-10 05:00:00+00:00,199.09189001711275,24.7,5.388888888888888,29.07680622595786,1.6555756743328782,27.41189791623374,45.38247137741269,6.6963607565977625e-15
2026-08-10 06:00:00+00:00,222.94950701342316,24.8,5.416666666666667,29.69248009224261,1.8541101427974287,27.427037340346175,50.852748119619655,7.155742154545429e-15
2026-08-10 07:00:00+00:00,230.32807026910902,24.6,5.361111111111112,29.67261662269797,1.91548439794941,27.461818300873713,52.602684494645175,7.140470472214945e-15
2026-08-10 08:00:00+00:00,220.6626429522534,25.7,4.861111111111111,30.72015555336174,1.835173602862569,27.25173658608796,50.01166761495273,7.989021996831971e-15
2026-08-10 09:00:00+00:00,214.3062273659318,24.8,5.5,29.47751382824675,1.7821886467315144,27.422444869900435,48.871969912757415,6.9920862951969804e-15
2026-08-10 10:00:00+00:00,360.18816787921446,25.7,6.416666666666667,33.111047800453605,2.9951687647311522,27.278294315484867,81.70309508888363,1.0293162044785292e-14
2026-08-10 11:00:00+00:00,103.4331230616118,24.9,5.75,27.121392216621857,0.8593748575698325,26.96392768737443,23.172121515860663,5.414202568235729e-15
2026-08-10 12:00:00+00:00,47.5151667970009,24.4,5.027777777777778,25.469329850721945,0.39411703583148716,26.186194843176896,10.320425491298653,4.514478871297625e-15
2026-08-10 13:00:00+00:00,3.2365542970650103,24.3,5.388888888888888,24.371151923851983,0.0,0.0,0.0,3.996294290574675e-15
2026-08-10 14:00:00+00:00,0.0,24.0,5.472222222222222,24.0,0.0,0.0,0.0,3.8341877200233705e-15
2026-08-10 15:00:00+00:00,0.0,23.7,5.194444444444444,23.7,0.0,0.0,0.0,3.7076955660324784e-15
2026-08-10 16:00:00+00:00,0.0,23.2,4.638888888888888,23.2,0.0,0.0,0.0,3.505551435613238e-15
2026-08-10 17:00:00+00:00,0.0,23.0,4.666666666666667,23.0,0.0,0.0,0.0,3.427632359245979e-15
2026-08-10 18:00:00+00:00,0.0,23.2,4.25,23.2,0.0,0.0,0.0,3.505551435613238e-15
2026-08-10 19:00:00+00:00,0.0,23.1,3.9722222222222223,23.1,0.0,0.0,0.0,3.4663861164009e-15
2026-08-10 20:00:00+00:00,0.0,23.0,4.305555555555555,23.0,0.0,0.0,0.0,3.427632359245979e-15
2026-08-10 21:00:00+00:00,0.0,22.9,4.027777777777778,22.9,0.0,0.0,0.0,3.3892861216791526e-15
2026-08-10 22:00:00+00:00,0.0,22.7,3.7777777777777777,22.7,0.0,0.0,0.0,3.3138002192509066e-15
2026-08-10 23:00:00+00:00,0.0,22.8,3.4444444444444446,22.8,0.0,0.0,0.0,3.3513433980564273e-15
2026-08-11 00:00:00+00:00,0.0,22.9,3.4722222222222223,22.9,0.0,0.0,0.0,3.3892861216791526e-15
2026-08-11 01:00:00+00:00,6.781367021451909,23.1,3.3055555555555554,23.27085226370408,0.0,0.0,0.0,3.533552282185202e-15
2026-08-11 02:00:00+00:00,54.87078094922421,23.5,3.416666666666667,24.87232835631694,0.45527755254414565,26.4881407095715,12.059455873698662,4.2254287443176384e-15
2026-08-11 03:00:00+00:00,110.66251240405387,24.1,3.9166666666666665,26.778042412658838,0.9195270851503285,27.1059290977757,24.924635973569163,5.214379344233984e-15
2026-08-11 04:00:00+00:00,160.51212701856042,24.9,3.611111111111111,28.863290291687644,1.3345213327422407,27.211776274412614,36.314695940012804,6.543619845436028e-15
2026-08-11 05:00:00+00:00,238.6382491610051,26.7,3.333333333333333,32.70131739589501,1.9848518743878043,27.010124999366894,53.61109723244227,9.858496178443222e-15
2026-08-11 06:00:00+00:00,522.9735833608942,27.1,3.222222222222222,40.348760839086204,4.345050325298608,26.319546126649307,114.35975245930929,2.165088382784497e-14
2026-08-11 07:00:00+00:00,613.6068985338637,28.4,2.7777777777777777,44.40932025246685,5.093539936620176,25.71943259468621,131.00295706824488,3.23743323857176e-14
2026-08-11 08:00:00+00:00,242.71066336613143,26.5,2.111111111111111,33.11978564637188,2.018753120423545,26.95921491310849,54.423999230006736,1.0302624478621109e-14
2026-08-11 09:00:00+00:00,385.18320547742456,26.5,3.0555555555555554,36.366251861967555,3.2029065784841597,26.80670858334037,85.85938326908867,1.4442946816649966e-14
2026-08-11 10:00:00+00:00,154.0836403260912,25.4,1.0833333333333333,29.902254484281737,1.2810746947949525,26.996100264463,34.584020906950876,7.31890595694301e-15
2026-08-11 11:00:00+00:00,123.44235588519741,25.4,0.6666666666666666,29.10967077588348,1.0259893919993708,26.859762862751737,27.557831768801933,6.720165866149435e-15
2026-08-11 12:00:00+00:00,56.315605618090245,25.5,1.5277777777777777,27.097108884498084,0.46731565294214866,26.151691337658747,12.22109471299953,5.3998371183096765e-15
2026-08-11 13:00:00+00:00,2.9969643648843878,24.9,2.3333333333333335,24.980537936064472,0.0,0.0,0.0,4.2764955265879865e-15
2026-08-11 14:00:00+00:00,0.0,24.3,2.111111111111111,24.3,0.0,0.0,0.0,3.964726994959733e-15
2026-08-11 15:00:00+00:00,0.0,24.2,3.0277777777777777,24.2,0.0,0.0,0.0,3.920756842675104e-15
2026-08-11 16:00:00+00:00,0.0,23.8,2.5277777777777777,23.8,0.0,0.0,0.0,3.7494172510621655e-15
2026-08-11 17:00:00+00:00,0.0,23.7,2.055555555555556,23.7,0.0,0.0,0.0,3.7076955660324784e-15
2026-08-11 18:00:00+00:00,0.0,23.6,2.5555555555555554,23.6,0.0,0.0,0.0,3.666410488752425e-15
2026-08-11 19:00:00+00:00,0.0,23.4,2.25,23.4,0.0,0.0,0.0,3.585133116078064e-15
2026-08-11 20:00:00+00:00,0.0,23.3,0.8055555555555555,23.3,0.0,0.0,0.0,3.545132396487891e-15
2026-08-11 21:00:00+00:00,0.0,23.2,1.2222222222222223,23.2,0.0,0.0,0.0,3.505551435613238e-15
2026-08-11 22:00:00+00:00,0.0,23.3,1.5555555555555554,23.3,0.0,0.0,0.0,3.545132396487891e-15
2026-08-11 23:00:00+00:00,0.0,23.4,1.5277777777777777,23.4,0.0,0.0,0.0,3.585133116078064e-15
2026-08-12 00:00:00+00:00,0.0,22.9,1.3333333333333333,22.9,0.0,0.0,0.0,3.3892861216791526e-15
2026-08-12 01:00:00+00:00,9.162071207036773,22.8,1.472222222222222,23.060806208455734,0.0,0.0,0.0,3.4511482316627965e-15
2026-08-12 02:00:00+00:00,123.563325346152,23.6,2.2222222222222223,26.94522316028238,1.0269007100244034,27.21524024024786,27.947349526195243,5.31079404544289e-15
2026-08-12 03:00:00+00:00,110.48873936747637,24.8,2.055555555555556,27.824711639930108,0.9181227206586162,26.932031904226434,24.726910404773026,5.84618371049278e-15
2026-08-12 04:00:00+00:00,265.4756470527402,25.0,2.6666666666666665,31.977692982992014,2.20800556257166,27.223716476669424,60.11011741435984,9.132598136243358e-15
2026-08-12 05:00:00+00:00,697.5383176737532,25.9,1.777777777777778,45.35357681661353,5.785417278255676,25.570939250438023,147.9385537607104,3.5497156349210574e-14
2026-08-12 06:00:00+00:00,222.77294190451147,24.9,1.9166666666666667,31.05543623192568,1.852755629071705,27.207287909254575,50.40845582564596,8.28001672537022e-15
2026-08-12 07:00:00+00:00,230.08634347817758,25.9,2.7777777777777777,31.9030712941177,1.9136581541581852,27.102893332542124,51.86567282709874,9.060664434131922e-15
2026-08-12 08:00:00+00:00,220.29651795011333,25.6,3.0277777777777777,31.25316154207799,1.8321677831573056,27.16445413940152,49.769837721265574,8.456256890368251e-15
2026-08-12 09:00:00+00:00,770.9780992026955,25.8,2.4722222222222223,46.32789550569773,6.389243880723291,25.400718915811176,162.2913878988189,3.901321407066407e-14
2026-08-12 10:00:00+00:00,587.6633603855457,26.4,2.944444444444444,41.563877556461016,4.879934301539725,26.15418209344683,127.63069032652724,2.4447510299961093e-14
2026-08-12 11:00:00+00:00,384.99958011702745,27.2,3.2499999999999996,36.93549922791094,3.201397206836338,26.71685919269681,85.5312783949393,1.5313116161214272e-14
2026-08-12 12:00:00+00:00,55.66282114510062,25.3,2.361111111111111,26.793070963144263,0.4618839433777115,26.18629971355449,12.095031374167185,5.222978735591248e-15
2026-08-12 13:00:00+00:00,5.870658600473166,25.0,2.7222222222222223,25.15373450601324,0.0,0.0,0.0,4.359439760147361e-15
2026-08-12 14:00:00+00:00,0.0,24.3,3.3611111111111107,24.3,0.0,0.0,0.0,3.964726994959733e-15
2026-08-12 15:00:00+00:00,0.0,24.0,3.222222222222222,24.0,0.0,0.0,0.0,3.8341877200233705e-15
2026-08-12 16:00:00+00:00,0.0,24.3,3.138888888888889,24.3,0.0,0.0,0.0,3.964726994959733e-15
2026-08-12 17:00:00+00:00,0.0,24.0,2.5833333333333335,24.0,0.0,0.0,0.0,3.8341877200233705e-15
2026-08-12 18:00:00+00:00,0.0,23.7,3.638888888888889,23.7,0.0,0.0,0.0,3.7076955660324784e-15
2026-08-12 19:00:00+00:00,0.0,23.6,3.4444444444444446,23.6,0.0,0.0,0.0,3.666410488752425e-15
2026-08-12 20:00:00+00:00,0.0,23.2,3.2777777777777777,23.2,0.0,0.0,0.0,3.505551435613238e-15
2026-08-12 21:00:00+00:00,0.0,23.0,3.3888888888888884,23.0,0.0,0.0,0.0,3.427632359245979e-15
2026-08-12 22:00:00+00:00,0.0,23.0,3.3888888888888884,23.0,0.0,0.0,0.0,3.427632359245979e-15
2026-08-12 23:00:00+00:00,0.0,23.0,3.5833333333333335,23.0,0.0,0.0,0.0,3.427632359245979e-15
2026-08-13 00:00:00+00:00,0.0,23.1,3.8333333333333335,23.1,0.0,0.0,0.0,3.4663861164009e-15
2026-08-13 01:00:00+00:00,22.347581300271482,23.2,3.7777777777777777,23.74577431292167,0.18498757397984447,25.390689072627307,4.696961973221873,3.7267389355895265e-15
2026-08-13 02:00:00+00:00,54.39945186180547,23.8,3.8333333333333335,25.123701989127078,0.45136093101613955,26.433989152368774,11.931269954283703,4.34494963866976e-15
2026-08-13 03:00:00+00:00,110.31549174779907,24.4,4.277777777777778,27.007154779338745,0.9166487643838895,27.064340509412013,24.808494286817368,5.3469336709986825e-15
2026-08-13 04:00:00+00:00,160.2740694322381,25.0,3.9166666666666665,28.87864640215088,1.3325410391479018,27.207594677806746,36.25523648467952,6.554494908116255e-15
2026-08-13 05:00:00+00:00,198.824096089298,25.9,3.75,30.764579677324104,1.6534748498307472,27.13833918257812,44.872561304569246,8.027019030015164e-15
2026-08-13 06:00:00+00:00,222.67543790915371,25.9,4.444444444444445,31.105552372555763,1.8519482407817496,27.198806806752195,50.3707824171274,8.324358153310021e-15
2026-08-13 07:00:00+00:00,886.4457834263973,27.2,3.9166666666666665,48.652064958282274,7.334699238832412,24.988359349632027,183.28210030141682,4.875899987069961e-14
2026-08-13 08:00:00+00:00,889.5475305226822,28.8,3.861111111111111,50.405868457649404,7.358285148380393,24.72181527442599,181.9101661748123,5.757194595050697e-14
2026-08-13 09:00:00+00:00,193.8561302337064,29.5,4.055555555555555,34.148747316686254,1.612288477532375,26.566237213800143,42.83243815120176,1.1475780469685132e-14
2026-08-13 10:00:00+00:00,168.75065652766662,27.4,3.944444444444444,31.476335119972934,1.4032296748468227,26.84477583919272,37.66938607216625,8.659406292636781e-15
2026-08-13 11:00:00+00:00,283.51366613276883,27.5,4.166666666666667,34.24940816644134,2.3581481835628506,26.918424812431102,63.47763457580757,1.1597038210140074e-14
2026-08-13 12:00:00+00:00,161.88150806504805,27.4,4.111111111111112,31.267861155330902,1.3460438437179116,26.831315301969482,36.11612678107022,8.469498800618023e-15
2026-08-13 13:00:00+00:00,3.5106190044419985,26.4,3.4444444444444446,26.487640418792218,0.0,0.0,0.0,5.050798699960612e-15
2026-08-13 14:00:00+00:00,0.0,25.7,2.972222222222222,25.7,0.0,0.0,0.0,4.631058309024241e-15
2026-08-13 15:00:00+00:00,0.0,25.3,3.222222222222222,25.3,0.0,0.0,0.0,4.430661408240808e-15
2026-08-13 16:00:00+00:00,0.0,25.0,3.1666666666666665,25.0,0.0,0.0,0.0,4.2857414594156e-15
2026-08-13 17:00:00+00:00,0.0,24.7,3.0,24.7,0.0,0.0,0.0,4.145283908832428e-15
2026-08-13 18:00:00+00:00,0.0,24.1,3.3611111111111107,24.1,0.0,0.0,0.0,3.8772452405492055e-15
2026-08-13 19:00:00+00:00,0.0,23.9,3.0,23.9,0.0,0.0,0.0,3.7915798529108865e-15
2026-08-13 20:00:00+00:00,0.0,23.6,3.083333333333333,23.6,0.0,0.0,0.0,3.666410488752425e-15
2026-08-13 21:00:00+00:00,0.0,23.4,2.972222222222222,23.4,0.0,0.0,0.0,3.585133116078064e-15
2026-08-13 22:00:00+00:00,0.0,23.3,3.0277777777777777,23.3,0.0,0.0,0.0,3.545132396487891e-15
2026-08-13 23:00:00+00:00,0.0,23.5,3.2777777777777777,23.5,0.0,0.0,0.0,3.625557749200407e-15
2026-08-14 00:00:00+00:00,0.0,23.7,3.3055555555555554,23.7,0.0,0.0,0.0,3.7076955660324784e-15
2026-08-14 01:00:00+00:00,6.262477462111755,23.9,3.1111111111111107,24.05982098349378,0.0,0.0,0.0,3.859890831482237e-15
2026-08-14 02:00:00+00:00,54.16629627994469,24.1,3.75,25.425273290622638,0.44942527995133974,26.377437477500536,11.854687222724639,4.4925288701566195e-15
2026-08-14 03:00:00+00:00,110.14267548470922,25.2,3.9166666666666665,27.86546231405609,0.915243899202564,26.921381419287485,24.639630102108136,5.8721792155047874e-15
2026-08-14 04:00:00+00:00,160.15297672700174,25.7,3.1666666666666665,29.7721727043039,1.3315849124095824,27.06167469894235,36.03491773364777,7.217321196542764e-15
2026-08-14 05:00:00+00:00,198.72752757382042,25.5,2.861111111111111,30.65631355451046,1.652664046431224,27.155282187889796,44.87855854261969,7.93471185957232e-15
2026-08-14 06:00:00+00:00,222.57140842895313,26.9,3.0,32.62205779732378,1.8511824861828576,26.954876370143594,49.89839505363398,9.776425805135084e-15
2026-08-14 07:00:00+00:00,229.808317320307,27.4,2.8055555555555554,33.38477397160504,1.9114330818488563,26.86416366071731,51.34905113729694,1.0593492799032832e-14
2026-08-14 08:00:00+00:00,219.88298786004333,27.5,2.7777777777777777,33.23686048695302,1.8288460828285376,26.844052297770098,49.093639892021244,1.0430197328980936e-14
2026-08-14 09:00:00+00:00,193.55042092893532,27.9,3.0,32.875961212040586,1.609700961811563,26.769576658426153,43.09101329435695,1.0041619632910038e-14
2026-08-14 10:00:00+00:00,152.89273569162822,27.6,2.5277777777777777,31.65586922567886,1.2712341288772473,26.70222421702147,33.94477874161023,8.826145762742937e-15
2026-08-14 11:00:00+00:00,101.45799852276937,27.4,3.1111111111111107,29.989249574999924,0.8430132983145596,26.46736321798411,22.312339164082243,7.38759020568938e-15
2026-08-14 12:00:00+00:00,45.304139218976744,26.1,2.611111111111111,27.295166610117583,0.3757381403784198,25.811346713080905,9.698307414635657,5.5180556671872505e-15
2026-08-14 13:00:00+00:00,2.3043244356959276,24.9,2.833333333333333,24.959899773311218,0.0,0.0,0.0,4.2667113350878105e-15
2026-08-14 14:00:00+00:00,0.0,24.6,3.138888888888889,24.6,0.0,0.0,0.0,4.09943405103104e-15
2026-08-14 15:00:00+00:00,0.0,24.5,2.4166666666666665,24.5,0.0,0.0,0.0,4.054061028125276e-15
2026-08-14 16:00:00+00:00,0.0,24.1,1.8888888888888888,24.1,0.0,0.0,0.0,3.8772452405492055e-15
2026-08-14 17:00:00+00:00,0.0,24.4,3.0277777777777777,24.4,0.0,0.0,0.0,4.009160206670864e-15
2026-08-14 18:00:00+00:00,0.0,24.2,3.555555555555556,24.2,0.0,0.0,0.0,3.920756842675104e-15
2026-08-14 19:00:00+00:00,0.0,24.0,3.861111111111111,24.0,0.0,0.0,0.0,3.8341877200233705e-15
2026-08-14 20:00:00+00:00,0.0,23.9,4.111111111111112,23.9,0.0,0.0,0.0,3.7915798529108865e-15
2026-08-14 21:00:00+00:00,0.0,23.6,4.277777777777778,23.6,0.0,0.0,0.0,3.666410488752425e-15
2026-08-14 22:00:00+00:00,0.0,23.4,4.194444444444445,23.4,0.0,0.0,0.0,3.585133116078064e-15
2026-08-14 23:00:00+00:00,0.0,23.2,4.25,23.2,0.0,0.0,0.0,3.505551435613238e-15
2026-08-15 00:00:00+00:00,0.0,23.3,4.333333333333333,23.3,0.0,0.0,0.0,3.545132396487891e-15
2026-08-15 01:00:00+00:00,6.0958113732394965,23.3,4.111111111111112,23.445648210858668,0.0,0.0,0.0,3.603533398421112e-15
2026-08-15 02:00:00+00:00,53.93479826827615,23.6,4.277777777777778,24.874674706606772,0.44749381907514174,26.463806395140814,11.842389791026722,4.226529941844102e-15
2026-08-15 03:00:00+00:00,109.97018049403998,24.0,4.722222222222222,26.5246044249291,0.9137542430461756,27.13968898050095,24.799005960886277,5.071349126693006e-15
2026-08-15 04:00:00+00:00,160.030254932403,24.4,4.638888888888888,28.093865653526013,1.3304608506785185,27.333322652853067,36.36591570858531,6.0199018332284025e-15
2026-08-15 05:00:00+00:00,198.6268912324439,25.3,3.611111111111111,30.204402205065886,1.651795077385218,27.227608375464527,44.97442948356483,7.560064352582668e-15
2026-08-15 06:00:00+00:00,222.46056804698782,26.5,4.555555555555555,31.662910028265003,1.850200537192006,27.10834883944572,50.155881585130764,8.832745778084735e-15
2026-08-15 07:00:00+00:00,229.65496522401642,26.5,4.777777777777778,31.7531714945394,1.9100590845105527,27.12511073094577,51.81056416999765,8.917767662199848e-15
2026-08-15 08:00:00+00:00,219.65777962504373,25.3,4.083333333333333,30.55789009550291,1.8268009916840617,27.27328619961736,49.82286627594423,7.851661758412998e-15
2026-08-15 09:00:00+00:00,193.22994727698762,25.2,4.194444444444445,29.791720786276727,1.606857311261651,27.26522785083705,43.81133071533231,7.232501918027834e-15
2026-08-15 10:00:00+00:00,152.4628566757075,25.3,4.277777777777778,28.90324972636166,1.2675317025259685,27.14623851642991,34.40871792390642,6.571954142004211e-15
2026-08-15 11:00:00+00:00,100.92116577985976,24.9,4.111111111111112,27.311325799570497,0.8384757328633599,26.901192970267093,22.555997490643364,5.5278073901458555e-15
2026-08-15 12:00:00+00:00,44.71348270610778,25.9,3.611111111111111,27.00404438099664,0.37082675678389687,25.841651567449098,9.582775840696653,5.3451131319427996e-15
2026-08-15 13:00:00+00:00,2.0853623227487197,24.7,3.75,24.751022040963004,0.0,0.0,0.0,4.168862659093056e-15
2026-08-15 14:00:00+00:00,0.0,24.1,3.4722222222222223,24.1,0.0,0.0,0.0,3.8772452405492055e-15
2026-08-15 15:00:00+00:00,0.0,24.0,3.5,24.0,0.0,0.0,0.0,3.8341877200233705e-15
2026-08-15 16:00:00+00:00,0.0,24.1,3.2499999999999996,24.1,0.0,0.0,0.0,3.8772452405492055e-15
2026-08-15 17:00:00+00:00,0.0,24.0,3.3611111111111107,24.0,0.0,0.0,0.0,3.8341877200233705e-15
2026-08-15 18:00:00+00:00,0.0,23.9,3.8333333333333335,23.9,0.0,0.0,0.0,3.7915798529108865e-15
2026-08-15 19:00:00+00:00,0.0,23.7,3.611111111111111,23.7,0.0,0.0,0.0,3.7076955660324784e-15
2026-08-15 20:00:00+00:00,0.0,23.5,3.9166666666666665,23.5,0.0,0.0,0.0,3.625557749200407e-15
2026-08-15 21:00:00+00:00,0.0,23.3,4.222222222222222,23.3,0.0,0.0,0.0,3.545132396487891e-15
2026-08-15 22:00:00+00:00,0.0,23.0,4.25,23.0,0.0,0.0,0.0,3.427632359245979e-15
2026-08-15 23:00:00+00:00,0.0,22.8,4.5,22.8,0.0,0.0,0.0,3.3513433980564273e-15
2026-08-16 00:00:00+00:00,0.0,22.9,4.583333333333333,22.9,0.0,0.0,0.0,3.3892861216791526e-15
2026-08-16 01:00:00+00:00,12.222403771861199,23.1,4.583333333333333,23.38314599545763,0.1009878229422113,24.561252469786695,2.4803874156577685,3.578361804436405e-15
2026-08-16 02:00:00+00:00,64.47601027411174,23.9,4.25,25.426576241582563,0.5351756700876633,26.617987474177035,14.245299282877724,4.49317658927662e-15
2026-08-16 03:00:00+00:00,120.97084685202904,24.6,3.8333333333333335,27.543583898808492,1.00535347313839,27.09119270306883,27.236224675491655,5.669770329719196e-15
2026-08-16 04:00:00+00:00,160.02243639269747,25.7,4.222222222222222,29.495696365417917,1.3304831897958638,27.10562196339216,36.06357437125482,7.005791630830661e-15
2026-08-16 05:00:00+00:00,198.6441861106671,26.1,3.9722222222222223,30.88969608919,1.6519859946953266,27.117223749891572,44.797273849840366,8.134947556075259e-15
2026-08-16 06:00:00+00:00,222.4675843287208,24.7,3.611111111111111,30.19306543725054,1.8501457003316522,27.344471225917026,50.59125586647297,7.55088287547507e-15
2026-08-16 07:00:00+00:00,229.61735904685034,25.2,3.555555555555556,30.89040075738926,1.9096808025148253,27.26337054543712,52.064335342469406,8.135559258509492e-15
2026-08-16 08:00:00+00:00,219.54459113028312,25.8,2.972222222222222,31.45463927704074,1.8259262229265532,27.12868287319315,49.53497345162184,8.639457987216583e-15
2026-08-16 09:00:00+00:00,193.0160834745957,26.6,3.138888888888889,31.51680290193332,1.6051887295044056,26.98573164286673,43.31719229056009,8.69673004033591e-15
2026-08-16 10:00:00+00:00,152.1317310826144,27.1,2.694444444444444,31.09121902984427,1.2648790640743865,26.78809456700903,33.88369998425454,8.311653696598796e-15
2026-08-16 11:00:00+00:00,100.47050288525686,27.0,3.194444444444444,29.54995090323188,0.8347848813713933,26.526952574462626,22.14429895801736,7.0468367558545e-15
2026-08-16 12:00:00+00:00,44.18521208822273,25.7,1.9444444444444444,26.918616030532515,0.36643429109855225,25.839092335780194,9.468329482691649,5.295338257740901e-15
2026-08-16 13:00:00+00:00,1.8856588398628045,25.1,2.2222222222222223,25.151050338810723,0.0,0.0,0.0,4.3581428550349565e-15
2026-08-16 14:00:00+00:00,0.0,24.6,1.777777777777778,24.6,0.0,0.0,0.0,4.09943405103104e-15
2026-08-16 15:00:00+00:00,0.0,24.2,2.1944444444444446,24.2,0.0,0.0,0.0,3.920756842675104e-15
2026-08-16 16:00:00+00:00,0.0,24.0,2.4444444444444446,24.0,0.0,0.0,0.0,3.8341877200233705e-15
2026-08-16 17:00:00+00:00,0.0,24.0,2.111111111111111,24.0,0.0,0.0,0.0,3.8341877200233705e-15
2026-08-16 18:00:00+00:00,0.0,24.0,2.972222222222222,24.0,0.0,0.0,0.0,3.8341877200233705e-15
2026-08-16 19:00:00+00:00,0.0,23.7,3.0277777777777777,23.7,0.0,0.0,0.0,3.7076955660324784e-15
2026-08-16 20:00:00+00:00,0.0,23.7,3.222222222222222,23.7,0.0,0.0,0.0,3.7076955660324784e-15
2026-08-16 21:00:00+00:00,0.0,23.2,3.8333333333333335,23.2,0.0,0.0,0.0,3.505551435613238e-15
2026-08-16 22:00:00+00:00,0.0,22.9,3.6944444444444446,22.9,0.0,0.0,0.0,3.3892861216791526e-15
2026-08-16 23:00:00+00:00,0.0,22.8,3.4722222222222223,22.8,0.0,0.0,0.0,3.3513433980564273e-15
